City_or_Regency,Vaccinated,Fully_Vaccinated,Total,Date,URL,
KOTA SURABAYA,33420,0,33420,1/14/2021,https://twitter.com/KominfoJatim/status/1349335781995806722/photo/1,
KAB GRESIK,5920,0,5920,1/14/2021,https://twitter.com/KominfoJatim/status/1349335781995806722/photo/1,
KAB SIDOARJO,8720,0,8720,1/14/2021,https://twitter.com/KominfoJatim/status/1349335781995806722/photo/1,
KAB LUMAJANG,2960,0,2960,2/1/2021,https://twitter.com/KominfoJatim/status/1356378661759250432/photo,
KAB JOMBANG,4175,0,4175,2/1/2021,https://twitter.com/KominfoJatim/status/1356378661759250432/photo,
KAB BLITAR,2270,0,2270,2/1/2021,https://twitter.com/KominfoJatim/status/1356378661759250432/photo,
KAB BOJONEGORO,3518,0,3518,2/1/2021,https://twitter.com/KominfoJatim/status/1356378661759250432/photo,
KOTA PROBOLINGGO,1413,0,1413,2/1/2021,https://twitter.com/KominfoJatim/status/1356378661759250432/photo,
KAB PONOROGO,2770,0,2770,2/1/2021,https://twitter.com/KominfoJatim/status/1356378661759250432/photo,
KAB BONDOWOSO,2089,0,2089,2/1/2021,https://twitter.com/KominfoJatim/status/1356378661759250432/photo,
KOTA SURABAYA,23352,2268,25620,2/1/2021,https://twitter.com/KominfoJatim/status/1356378661759250432/photo,
KAB BANYUWANGI ,3937,0,3937,2/1/2021,https://twitter.com/KominfoJatim/status/1356378661759250432/photo,
KAB TULUNGAGUNG ,3778,0,3778,2/1/2021,https://twitter.com/KominfoJatim/status/1356378661759250432/photo,
KAB LAMONGAN,3767,0,3767,2/1/2021,https://twitter.com/KominfoJatim/status/1356378661759250432/photo,
KAB JEMBER,5062,42,5104,2/1/2021,https://twitter.com/KominfoJatim/status/1356378661759250432/photo,
KAB MADIUN ,1791,,1791,2/1/2021,https://twitter.com/KominfoJatim/status/1356378661759250432/photo,
KOTA MADIUN ,2675,0,2675,2/1/2021,https://twitter.com/KominfoJatim/status/1356378661759250432/photo,
KAB GRESIK,4460,216,4676,2/1/2021,https://twitter.com/KominfoJatim/status/1356378661759250432/photo,
KAB NGANJUK,2518,0,2518,2/1/2021,https://twitter.com/KominfoJatim/status/1356378661759250432/photo,
KAB NGAWI,2180,0,2180,2/1/2021,https://twitter.com/KominfoJatim/status/1356378661759250432/photo,
KAB SIDOARJO,6304,148,6452,2/1/2021,https://twitter.com/KominfoJatim/status/1356378661759250432/photo,
KAB KEDIRI,3060,,3060,2/1/2021,https://twitter.com/KominfoJatim/status/1356378661759250432/photo,
KAB PROBOLINGGO,1858,,1858,2/1/2021,https://twitter.com/KominfoJatim/status/1356378661759250432/photo,
KOTA MALANG,6991,0,6991,2/1/2021,https://twitter.com/KominfoJatim/status/1356378661759250432/photo,
KOTA BATU,974,,974,2/1/2021,https://twitter.com/KominfoJatim/status/1356378661759250432/photo,
KAB MOJOKERTO,2233,,2233,2/1/2021,https://twitter.com/KominfoJatim/status/1356378661759250432/photo,
KOTA MOJOKERTO,1671,,1671,2/1/2021,https://twitter.com/KominfoJatim/status/1356378661759250432/photo,
KAB TRENGGALEK,1513,,1513,2/1/2021,https://twitter.com/KominfoJatim/status/1356378661759250432/photo,
KAB PAMEKASAN,1518,,1518,2/1/2021,https://twitter.com/KominfoJatim/status/1356378661759250432/photo,
KAB BANGKALAN,1757,,1757,2/1/2021,https://twitter.com/KominfoJatim/status/1356378661759250432/photo,
KAB MAGETAN,1518,,1518,2/1/2021,https://twitter.com/KominfoJatim/status/1356378661759250432/photo,
KOTA KEDIRI,2489,,2489,2/1/2021,https://twitter.com/KominfoJatim/status/1356378661759250432/photo,
KOTA PASURUAN,667,,667,2/1/2021,https://twitter.com/KominfoJatim/status/1356378661759250432/photo,
KAB PASURUAN,2027,,2027,2/1/2021,https://twitter.com/KominfoJatim/status/1356378661759250432/photo,
KAB SITUBONDO,1274,,1274,2/1/2021,https://twitter.com/KominfoJatim/status/1356378661759250432/photo,
KAB SAMPANG,843,,843,2/1/2021,https://twitter.com/KominfoJatim/status/1356378661759250432/photo,
KAB SUMENEP,1308,,1308,2/1/2021,https://twitter.com/KominfoJatim/status/1356378661759250432/photo,
KOTA BLITAR,850,,850,2/1/2021,https://twitter.com/KominfoJatim/status/1356378661759250432/photo,
KAB TUBAN,1109,,1109,2/1/2021,https://twitter.com/KominfoJatim/status/1356378661759250432/photo,
KAB MALANG,2519,,2519,2/1/2021,https://twitter.com/KominfoJatim/status/1356378661759250432/photo,
KAB PACITAN,180,,180,2/1/2021,https://twitter.com/KominfoJatim/status/1356378661759250432/photo,
KAB NGAWI,2222,,2222,2/2/2021,https://twitter.com/KominfoJatim/status/1356644129665478656/photo,
KAB SIDOARJO,6466,379,6845,2/2/2021,https://twitter.com/KominfoJatim/status/1356644129665478656/photo,
KAB NGANJUK,2518,,2518,2/2/2021,https://twitter.com/KominfoJatim/status/1356644129665478656/photo,
KAB KEDIRI,3227,,3227,2/2/2021,https://twitter.com/KominfoJatim/status/1356644129665478656/photo,
KOTA PASURUAN,952,,952,2/2/2021,https://twitter.com/KominfoJatim/status/1356644129665478656/photo,
KOTA MALANG,7544,,7544,2/2/2021,https://twitter.com/KominfoJatim/status/1356644129665478656/photo,
KOTA KEDIRI,3068,,3068,2/2/2021,https://twitter.com/KominfoJatim/status/1356644129665478656/photo,
KAB MAGETAN ,1712,,1712,2/2/2021,https://twitter.com/KominfoJatim/status/1356644129665478656/photo,
KOTA PROBOLINGGO,1118,,1118,2/2/2021,https://twitter.com/KominfoJatim/status/1356644129665478656/photo,
KAB BANGKALAN,1903,,1903,2/2/2021,https://twitter.com/KominfoJatim/status/1356644129665478656/photo,
KAB MALANG,4254,,4254,2/2/2021,https://twitter.com/KominfoJatim/status/1356644129665478656/photo,
KAB SITUBONDO,1591,,1591,2/2/2021,https://twitter.com/KominfoJatim/status/1356644129665478656/photo,
KAB PAMEKASAN,1621,,1621,2/2/2021,https://twitter.com/KominfoJatim/status/1356644129665478656/photo,
KAB PASURUAN,2238,,2238,2/2/2021,https://twitter.com/KominfoJatim/status/1356644129665478656/photo,
KAB TUBAN,1608,,1608,2/2/2021,https://twitter.com/KominfoJatim/status/1356644129665478656/photo,
KAB SUMENEP,1408,,1408,2/2/2021,https://twitter.com/KominfoJatim/status/1356644129665478656/photo,
KAB SAMPANG,872,,872,2/2/2021,https://twitter.com/KominfoJatim/status/1356644129665478656/photo,
KAB PACITAN,585,,585,2/2/2021,https://twitter.com/KominfoJatim/status/1356644129665478656/photo,
KAB LUMAJANG,3035,,3035,2/2/2021,https://twitter.com/KominfoJatim/status/1356644129665478656/photo,
KAB BOJONEGORO,3699,,3699,2/2/2021,https://twitter.com/KominfoJatim/status/1356644129665478656/photo,
KAB JOMBANG,4293,,4293,2/2/2021,https://twitter.com/KominfoJatim/status/1356644129665478656/photo,
KAB BLITAR,2331,,2331,2/2/2021,https://twitter.com/KominfoJatim/status/1356644129665478656/photo,
KAB TULUNGAGUNG,3986,,3986,2/2/2021,https://twitter.com/KominfoJatim/status/1356644129665478656/photo,
KAB LAMONGAN,3994,,3994,2/2/2021,https://twitter.com/KominfoJatim/status/1356644129665478656/photo,
KAB BONDOWOSO,2151,,2151,2/2/2021,https://twitter.com/KominfoJatim/status/1356644129665478656/photo,
KAB BANYUWANGI,4110,,4110,2/2/2021,https://twitter.com/KominfoJatim/status/1356644129665478656/photo,
KAB PONOROGO,2787,,2787,2/2/2021,https://twitter.com/KominfoJatim/status/1356644129665478656/photo,
KOTA SURABAYA,23759,3232,26991,2/2/2021,https://twitter.com/KominfoJatim/status/1356644129665478656/photo,
KOTA BATU,1202,,1202,2/2/2021,https://twitter.com/KominfoJatim/status/1356644129665478656/photo,
KAB MADIUN,1862,,1862,2/2/2021,https://twitter.com/KominfoJatim/status/1356644129665478656/photo,
KOTA MADIUN,2808,,2808,2/2/2021,https://twitter.com/KominfoJatim/status/1356644129665478656/photo,
KAB JEMBER,5074,,5074,2/2/2021,https://twitter.com/KominfoJatim/status/1356644129665478656/photo,
KOTA MOJOKERTO,2056,,2056,2/2/2021,https://twitter.com/KominfoJatim/status/1356644129665478656/photo,
KAB GRESIK,4532,374,4906,2/2/2021,https://twitter.com/KominfoJatim/status/1356644129665478656/photo,
KAB TRENGGALEK,1873,,1873,2/2/2021,https://twitter.com/KominfoJatim/status/1356644129665478656/photo,
KOTA BLITAR,1593,,1593,2/2/2021,https://twitter.com/KominfoJatim/status/1356644129665478656/photo,
KAB MOJOKERTO,2604,,2604,2/2/2021,https://twitter.com/KominfoJatim/status/1356644129665478656/photo,
KAB PROBOLINGGO,2053,,2053,2/2/2021,https://twitter.com/KominfoJatim/status/1356644129665478656/photo,
KAB LUMAJANG,3049,,3049,2/3/2021,https://twitter.com/KominfoJatim/status/1356996190697476096/photo,
KAB BOJONEGORO,3701,,3701,2/3/2021,https://twitter.com/KominfoJatim/status/1356996190697476096/photo,
KOTA BATU,1307,,1307,2/3/2021,https://twitter.com/KominfoJatim/status/1356996190697476096/photo,
KAB JOMBANG,4337,,4337,2/3/2021,https://twitter.com/KominfoJatim/status/1356996190697476096/photo,
KAB LAMONGAN,4156,,4156,2/3/2021,https://twitter.com/KominfoJatim/status/1356996190697476096/photo,
KAB BLITAR,2349,,2349,2/3/2021,https://twitter.com/KominfoJatim/status/1356996190697476096/photo,
KAB TULUNGAGUNG,4083,,4083,2/3/2021,https://twitter.com/KominfoJatim/status/1356996190697476096/photo,
KOTA BLITAR,1818,,1818,2/3/2021,https://twitter.com/KominfoJatim/status/1356996190697476096/photo,
KAB TRENGGALEK,2062,,2062,2/3/2021,https://twitter.com/KominfoJatim/status/1356996190697476096/photo,
KOTA MADIUN,2952,,2952,2/3/2021,https://twitter.com/KominfoJatim/status/1356996190697476096/photo,
KAB MADIUN,1942,,1942,2/3/2021,https://twitter.com/KominfoJatim/status/1356996190697476096/photo,
KAB BONDOWOSO,2153,,2153,2/3/2021,https://twitter.com/KominfoJatim/status/1356996190697476096/photo,
KAB BANYUWANGI,4125,,4125,2/3/2021,https://twitter.com/KominfoJatim/status/1356996190697476096/photo,
KOTA SURABAYA,24012,4401,28413,2/3/2021,https://twitter.com/KominfoJatim/status/1356996190697476096/photo,
KAB PONOROGO,2787,,2787,2/3/2021,https://twitter.com/KominfoJatim/status/1356996190697476096/photo,
KAB MOJOKERTO,2109,,2109,2/3/2021,https://twitter.com/KominfoJatim/status/1356996190697476096/photo,
KOTA MOJOKERTO,2109,,2109,2/3/2021,https://twitter.com/KominfoJatim/status/1356996190697476096/photo,
KAB PROBOLINGGO,2207,,2207,2/3/2021,https://twitter.com/KominfoJatim/status/1356996190697476096/photo,
KAB JEMBER,5084,,5084,2/3/2021,https://twitter.com/KominfoJatim/status/1356996190697476096/photo,
KAB GRESIK,4573,785,5358,2/3/2021,https://twitter.com/KominfoJatim/status/1356996190697476096/photo,
KAB NGANJUK,2612,,2612,2/3/2021,https://twitter.com/KominfoJatim/status/1356996190697476096/photo,
KOTA KEDIRI,3332,,3332,2/3/2021,https://twitter.com/KominfoJatim/status/1356996190697476096/photo,
KAB SIDOARJO,6590,656,7246,2/3/2021,https://twitter.com/KominfoJatim/status/1356996190697476096/photo,
KAB NGAWI,2247,,2247,2/3/2021,https://twitter.com/KominfoJatim/status/1356996190697476096/photo,
KAB KEDIRI,3370,,3370,2/3/2021,https://twitter.com/KominfoJatim/status/1356996190697476096/photo,
KOTA PASURUAN,990,,990,2/3/2021,https://twitter.com/KominfoJatim/status/1356996190697476096/photo,
KOTA MALANG,7869,,7869,2/3/2021,https://twitter.com/KominfoJatim/status/1356996190697476096/photo,
KAB MALANG,4883,,4883,2/3/2021,https://twitter.com/KominfoJatim/status/1356996190697476096/photo,
KAB MAGETAN,1817,,1817,2/3/2021,https://twitter.com/KominfoJatim/status/1356996190697476096/photo,
KAB TUBAN,2029,,2029,2/3/2021,https://twitter.com/KominfoJatim/status/1356996190697476096/photo,
KOTA PROBOLINGGO,1131,,1131,2/3/2021,https://twitter.com/KominfoJatim/status/1356996190697476096/photo,
KAB BANGKALAN,1932,,1932,2/3/2021,https://twitter.com/KominfoJatim/status/1356996190697476096/photo,
KAB SITUBONDO,1681,,1681,2/3/2021,https://twitter.com/KominfoJatim/status/1356996190697476096/photo,
KAB PAMEKASAN,1639,,1639,2/3/2021,https://twitter.com/KominfoJatim/status/1356996190697476096/photo,
KAB PASURUAN,2424,,2424,2/3/2021,https://twitter.com/KominfoJatim/status/1356996190697476096/photo,
KAB SUMENEP,1490,,1490,2/3/2021,https://twitter.com/KominfoJatim/status/1356996190697476096/photo,
KAB SAMPANG,923,,923,2/3/2021,https://twitter.com/KominfoJatim/status/1356996190697476096/photo,
KAB PACITAN,806,,806,2/3/2021,https://twitter.com/KominfoJatim/status/1356996190697476096/photo,
KAB LAMONGAN,4221,,4221,2/4/2021,https://twitter.com/KominfoJatim/status/1357354715156107264/photo,
KAB LUMAJANG ,3084,,3084,2/4/2021,https://twitter.com/KominfoJatim/status/1357354715156107264/photo,
KAB BLITAR,2374,,2374,2/4/2021,https://twitter.com/KominfoJatim/status/1357354715156107264/photo,
KOTA BATU,1332,,1332,2/4/2021,https://twitter.com/KominfoJatim/status/1357354715156107264/photo,
KAB BOJONEGORO,3707,,3707,2/4/2021,https://twitter.com/KominfoJatim/status/1357354715156107264/photo,
KAB JOMBANG,4405,,4405,2/4/2021,https://twitter.com/KominfoJatim/status/1357354715156107264/photo,
KAB TULUNGAGUNG,4212,,4212,2/4/2021,https://twitter.com/KominfoJatim/status/1357354715156107264/photo,
KAB TRENGGALEK,2097,,2097,2/4/2021,https://twitter.com/KominfoJatim/status/1357354715156107264/photo,
KAB MOJOKERTO,2926,,2926,2/4/2021,https://twitter.com/KominfoJatim/status/1357354715156107264/photo,
KAB MADIUN,1955,,1955,2/4/2021,https://twitter.com/KominfoJatim/status/1357354715156107264/photo,
KAB BONDOWOSO,2164,,2164,2/4/2021,https://twitter.com/KominfoJatim/status/1357354715156107264/photo,
KOTA MADIUN,2974,,2974,2/4/2021,https://twitter.com/KominfoJatim/status/1357354715156107264/photo,
KAB BANYUWANGI,4145,,4145,2/4/2021,https://twitter.com/KominfoJatim/status/1357354715156107264/photo,
KAB PROBOLINGGO,2243,,2243,2/4/2021,https://twitter.com/KominfoJatim/status/1357354715156107264/photo,
KOTA SURABAYA,24212,5584,29796,2/4/2021,https://twitter.com/KominfoJatim/status/1357354715156107264/photo,
KAB PONOROGO,2814,,2814,2/4/2021,https://twitter.com/KominfoJatim/status/1357354715156107264/photo,
KAB TUBAN,2427,,2427,2/4/2021,https://twitter.com/KominfoJatim/status/1357354715156107264/photo,
KAB GRESIK,4644,1126,5770,2/4/2021,https://twitter.com/KominfoJatim/status/1357354715156107264/photo,
KAB KEDIRI,3449,,3449,2/4/2021,https://twitter.com/KominfoJatim/status/1357354715156107264/photo,
KAB JEMBER,5133,,5133,2/4/2021,https://twitter.com/KominfoJatim/status/1357354715156107264/photo,
KOTA BLITAR,1829,,1829,2/4/2021,https://twitter.com/KominfoJatim/status/1357354715156107264/photo,
KOTA MOJOKERTO,2129,,2129,2/4/2021,https://twitter.com/KominfoJatim/status/1357354715156107264/photo,
KOTA PASURUAN,1006,,1006,2/4/2021,https://twitter.com/KominfoJatim/status/1357354715156107264/photo,
KOTA KEDIRI,3509,,3509,2/4/2021,https://twitter.com/KominfoJatim/status/1357354715156107264/photo,
KAB MALANG,5254,,5254,2/4/2021,https://twitter.com/KominfoJatim/status/1357354715156107264/photo,
KAB SIDOARJO,6713,951,7664,2/4/2021,https://twitter.com/KominfoJatim/status/1357354715156107264/photo,
KAB NGANJUK,2628,,2628,2/4/2021,https://twitter.com/KominfoJatim/status/1357354715156107264/photo,
KOTA MALANG,8150,,8150,2/4/2021,https://twitter.com/KominfoJatim/status/1357354715156107264/photo,
KAB NGAWI,2265,,2265,2/4/2021,https://twitter.com/KominfoJatim/status/1357354715156107264/photo,
KAB MAGETAN,1939,,1939,2/4/2021,https://twitter.com/KominfoJatim/status/1357354715156107264/photo,
KAB SITUBONDO,1840,,1840,2/4/2021,https://twitter.com/KominfoJatim/status/1357354715156107264/photo,
KAB BANGKALAN,1968,,1968,2/4/2021,https://twitter.com/KominfoJatim/status/1357354715156107264/photo,
KOTA PROBOLINGGO,1132,,1132,2/4/2021,https://twitter.com/KominfoJatim/status/1357354715156107264/photo,
KAB PAMEKASAN,1655,,1655,2/4/2021,https://twitter.com/KominfoJatim/status/1357354715156107264/photo,
KAB PASURUAN,2531,,2531,2/4/2021,https://twitter.com/KominfoJatim/status/1357354715156107264/photo,
KAB SAMPANG,1011,,1011,2/4/2021,https://twitter.com/KominfoJatim/status/1357354715156107264/photo,
KAB SUMENEP,1559,,1559,2/4/2021,https://twitter.com/KominfoJatim/status/1357354715156107264/photo,
KAB PACITAN,1001,,1001,2/4/2021,https://twitter.com/KominfoJatim/status/1357354715156107264/photo,
KAB MADIUN,2123,,2123,2/6/2021,https://twitter.com/KominfoJatim/status/1358153685214269441/photo,
KAB PASURUAN,3766,,3766,2/6/2021,https://twitter.com/KominfoJatim/status/1358153685214269441/photo,
KAB BANGKALAN,2691,,2691,2/6/2021,https://twitter.com/KominfoJatim/status/1358153685214269441/photo,
KAB BANYUWANGI ,4768,,4768,2/6/2021,https://twitter.com/KominfoJatim/status/1358153685214269441/photo,
KAB MALANG,6493,,6493,2/6/2021,https://twitter.com/KominfoJatim/status/1358153685214269441/photo,
KAB MAGETAN,2164,,2164,2/6/2021,https://twitter.com/KominfoJatim/status/1358153685214269441/photo,
KOTA BLITAR,2040,,2040,2/6/2021,https://twitter.com/KominfoJatim/status/1358153685214269441/photo,
KAB TUBAN,2467,,2467,2/6/2021,https://twitter.com/KominfoJatim/status/1358153685214269441/photo,
KAB KEDIRI,4232,,4232,2/6/2021,https://twitter.com/KominfoJatim/status/1358153685214269441/photo,
KOTA PROBOLINGGO,1371,,1371,2/6/2021,https://twitter.com/KominfoJatim/status/1358153685214269441/photo,
KOTA MALANG,9164,,9164,2/6/2021,https://twitter.com/KominfoJatim/status/1358153685214269441/photo,
KAB TRENGGALEK,2365,,2365,2/6/2021,https://twitter.com/KominfoJatim/status/1358153685214269441/photo,
KAB NGAWI,2280,,2280,2/6/2021,https://twitter.com/KominfoJatim/status/1358153685214269441/photo,
KAB SUMENEP,2295,,2295,2/6/2021,https://twitter.com/KominfoJatim/status/1358153685214269441/photo,
KAB PAMEKASAN,1991,,1991,2/6/2021,https://twitter.com/KominfoJatim/status/1358153685214269441/photo,
KAB SAMPANG,1398,,1398,2/6/2021,https://twitter.com/KominfoJatim/status/1358153685214269441/photo,
KAB SITUBONDO,1873,,1873,2/6/2021,https://twitter.com/KominfoJatim/status/1358153685214269441/photo,
KAB PACITAN,1231,,1231,2/6/2021,https://twitter.com/KominfoJatim/status/1358153685214269441/photo,
KAB TULUNGAGUNG,5320,,5320,2/6/2021,https://twitter.com/KominfoJatim/status/1358153685214269441/photo,
KAB SIDOARJO,9173,1919,11092,2/6/2021,https://twitter.com/KominfoJatim/status/1358153685214269441/photo,
KAB GRESIK,6113,1260,7373,2/6/2021,https://twitter.com/KominfoJatim/status/1358153685214269441/photo,
KAB PONOROGO,3540,,3540,2/6/2021,https://twitter.com/KominfoJatim/status/1358153685214269441/photo,
KAB LAMONGAN,5340,,5340,2/6/2021,https://twitter.com/KominfoJatim/status/1358153685214269441/photo,
KOTA PASURUAN,1420,,1420,2/6/2021,https://twitter.com/KominfoJatim/status/1358153685214269441/photo,
KAB JEMBER,6636,,6636,2/6/2021,https://twitter.com/KominfoJatim/status/1358153685214269441/photo,
KOTA BATU,1559,,1559,2/6/2021,https://twitter.com/KominfoJatim/status/1358153685214269441/photo,
KAB NGANJUK,3451,,3451,2/6/2021,https://twitter.com/KominfoJatim/status/1358153685214269441/photo,
KOTA MOJOKERTO,2620,,2620,2/6/2021,https://twitter.com/KominfoJatim/status/1358153685214269441/photo,
KAB JOMBANG,5104,,5104,2/6/2021,https://twitter.com/KominfoJatim/status/1358153685214269441/photo,
KOTA KEDIRI,4244,,4244,2/6/2021,https://twitter.com/KominfoJatim/status/1358153685214269441/photo,
KAB MOJOKERTO,3589,,3589,2/6/2021,https://twitter.com/KominfoJatim/status/1358153685214269441/photo,
KAB BLITAR,2768,,2768,2/6/2021,https://twitter.com/KominfoJatim/status/1358153685214269441/photo,
KAB BONDOWOSO,3533,,3533,2/6/2021,https://twitter.com/KominfoJatim/status/1358153685214269441/photo,
KOTA MADIUN,3398,,3398,2/6/2021,https://twitter.com/KominfoJatim/status/1358153685214269441/photo,
KAB LUMAJANG,3304,,3304,2/6/2021,https://twitter.com/KominfoJatim/status/1358153685214269441/photo,
KAB BOJONEGORO,4042,,4042,2/6/2021,https://twitter.com/KominfoJatim/status/1358153685214269441/photo,
KAB PROBOLINGGO,2721,,2721,2/6/2021,https://twitter.com/KominfoJatim/status/1358153685214269441/photo,
KOTA SURABAYA,32726,9310,42036,2/6/2021,https://twitter.com/KominfoJatim/status/1358153685214269441/photo,
KAB NGAWI,2832,,2832,2/7/2021,https://twitter.com/KominfoJatim/status/1358447691290693634/photo/,
KAB MADIUN,2123,,2123,2/7/2021,https://twitter.com/KominfoJatim/status/1358447691290693634/photo/,
KAB PASURUAN,3766,,3766,2/7/2021,https://twitter.com/KominfoJatim/status/1358447691290693634/photo/,
KAB BANYUWANGI,4855,,4855,2/7/2021,https://twitter.com/KominfoJatim/status/1358447691290693634/photo/,
KAB BANGKALAN,2691,,2691,2/7/2021,https://twitter.com/KominfoJatim/status/1358447691290693634/photo/,
KAB MALANG,6599,,6599,2/7/2021,https://twitter.com/KominfoJatim/status/1358447691290693634/photo/,
KAB MAGETAN,2164,,2164,2/7/2021,https://twitter.com/KominfoJatim/status/1358447691290693634/photo/,
KOTA PROBOLINGGO,1438,,1438,2/7/2021,https://twitter.com/KominfoJatim/status/1358447691290693634/photo/,
KOTA BLITAR,2040,,2040,2/7/2021,https://twitter.com/KominfoJatim/status/1358447691290693634/photo/,
KAB KEDIRI,4301,,4301,2/7/2021,https://twitter.com/KominfoJatim/status/1358447691290693634/photo/,
KAB TUBAN,2467,,2467,2/7/2021,https://twitter.com/KominfoJatim/status/1358447691290693634/photo/,
KOTA MALANG,9164,,9164,2/7/2021,https://twitter.com/KominfoJatim/status/1358447691290693634/photo/,
KAB TRENGGALEK,2365,,2365,2/7/2021,https://twitter.com/KominfoJatim/status/1358447691290693634/photo/,
KAB SUMENEP,2332,,2332,2/7/2021,https://twitter.com/KominfoJatim/status/1358447691290693634/photo/,
KAB PAMEKASAN,1991,,1991,2/7/2021,https://twitter.com/KominfoJatim/status/1358447691290693634/photo/,
KAB SAMPANG,1398,,1398,2/7/2021,https://twitter.com/KominfoJatim/status/1358447691290693634/photo/,
KAB SITUBONDO,1873,,1873,2/7/2021,https://twitter.com/KominfoJatim/status/1358447691290693634/photo/,
KAB PACITAN,1231,,1231,2/7/2021,https://twitter.com/KominfoJatim/status/1358447691290693634/photo/,
KAB TULUNGAGUNG,5320,,5320,2/7/2021,https://twitter.com/KominfoJatim/status/1358447691290693634/photo/,
KAB SIDOARJO,9173,1919,11092,2/7/2021,https://twitter.com/KominfoJatim/status/1358447691290693634/photo/,
KOTA MOJOKERTO,2672,,2672,2/7/2021,https://twitter.com/KominfoJatim/status/1358447691290693634/photo/,
KAB GRESIK,6113,1291,7404,2/7/2021,https://twitter.com/KominfoJatim/status/1358447691290693634/photo/,
KAB PONOROGO,3540,,3540,2/7/2021,https://twitter.com/KominfoJatim/status/1358447691290693634/photo/,
KAB LAMONGAN,5340,,5340,2/7/2021,https://twitter.com/KominfoJatim/status/1358447691290693634/photo/,
KOTA PASURUAN,1420,,1420,2/7/2021,https://twitter.com/KominfoJatim/status/1358447691290693634/photo/,
KAB JEMBER,6636,,6636,2/7/2021,https://twitter.com/KominfoJatim/status/1358447691290693634/photo/,
KOTA BATU,1559,,1559,2/7/2021,https://twitter.com/KominfoJatim/status/1358447691290693634/photo/,
KAB NGANJUK,3451,,3451,2/7/2021,https://twitter.com/KominfoJatim/status/1358447691290693634/photo/,
KAB JOMBANG,5107,,5107,2/7/2021,https://twitter.com/KominfoJatim/status/1358447691290693634/photo/,
KOTA KEDIRI,4244,,4244,2/7/2021,https://twitter.com/KominfoJatim/status/1358447691290693634/photo/,
KAB BLITAR,2768,,2768,2/7/2021,https://twitter.com/KominfoJatim/status/1358447691290693634/photo/,
KAB MOJOKERTO,3589,,3589,2/7/2021,https://twitter.com/KominfoJatim/status/1358447691290693634/photo/,
KAB BONDOWOSO,2542,,2542,2/7/2021,https://twitter.com/KominfoJatim/status/1358447691290693634/photo/,
KOTA MADIUN,3398,,3398,2/7/2021,https://twitter.com/KominfoJatim/status/1358447691290693634/photo/,
KAB LUMAJANG,3304,,3304,2/7/2021,https://twitter.com/KominfoJatim/status/1358447691290693634/photo/,
KAB BOJONEGORO,4042,,4042,2/7/2021,https://twitter.com/KominfoJatim/status/1358447691290693634/photo/,
KAB PROBOLINGGO,2722,,2722,2/7/2021,https://twitter.com/KominfoJatim/status/1358447691290693634/photo/,
KOTA SURABAYA,32904,9536,42440,2/7/2021,https://twitter.com/KominfoJatim/status/1358447691290693634/photo/,
KAB TULUNGAGUNG,5320,,5320,2/8/2021,https://twitter.com/KominfoJatim/status/1358873463780347905/photo/,
KAB GRESIK,6426,1640,8066,2/8/2021,https://twitter.com/KominfoJatim/status/1358873463780347905/photo/,
KAB SIDOARJO,9173,3114,12287,2/8/2021,https://twitter.com/KominfoJatim/status/1358873463780347905/photo/,
KOTA MOJOKERTO,2681,,2681,2/8/2021,https://twitter.com/KominfoJatim/status/1358873463780347905/photo/,
KAB PONOROGO,3540,,3540,2/8/2021,https://twitter.com/KominfoJatim/status/1358873463780347905/photo/,
KAB LAMONGAN ,5340,,5340,2/8/2021,https://twitter.com/KominfoJatim/status/1358873463780347905/photo/,
KOTA PASURUAN,1420,,1420,2/8/2021,https://twitter.com/KominfoJatim/status/1358873463780347905/photo/,
KAB JEMBER,6636,,6636,2/8/2021,https://twitter.com/KominfoJatim/status/1358873463780347905/photo/,
KOTA BATU,1559,,1559,2/8/2021,https://twitter.com/KominfoJatim/status/1358873463780347905/photo/,
KAB MOJOKERTO,3761,,3761,2/8/2021,https://twitter.com/KominfoJatim/status/1358873463780347905/photo/,
KAB NGANJUK,3451,,3451,2/8/2021,https://twitter.com/KominfoJatim/status/1358873463780347905/photo/,
KAB JOMBANG,5139,,5139,2/8/2021,https://twitter.com/KominfoJatim/status/1358873463780347905/photo/,
KAB PROBOLINGGO,2930,,2930,2/8/2021,https://twitter.com/KominfoJatim/status/1358873463780347905/photo/,
KOTA KEDIRI,4286,,4286,2/8/2021,https://twitter.com/KominfoJatim/status/1358873463780347905/photo/,
KAB PASURUAN,4197,,4197,2/8/2021,https://twitter.com/KominfoJatim/status/1358873463780347905/photo/,
KAB BLITAR,2781,,2781,2/8/2021,https://twitter.com/KominfoJatim/status/1358873463780347905/photo/,
KAB BONDOWOSO,2570,,2570,2/8/2021,https://twitter.com/KominfoJatim/status/1358873463780347905/photo/,
KAB LUMAJANG,3360,,3360,2/8/2021,https://twitter.com/KominfoJatim/status/1358873463780347905/photo/,
KOTA MADIUN,3415,,3415,2/8/2021,https://twitter.com/KominfoJatim/status/1358873463780347905/photo/,
KAB BOJONEGORO,4050,,4050,2/8/2021,https://twitter.com/KominfoJatim/status/1358873463780347905/photo/,
KAB BANYUWANGI,5085,,5085,2/8/2021,https://twitter.com/KominfoJatim/status/1358873463780347905/photo/,
KAB NGAWI,2881,,2881,2/8/2021,https://twitter.com/KominfoJatim/status/1358873463780347905/photo/,
KOTA SURABAYA,33006,12109,45115,2/8/2021,https://twitter.com/KominfoJatim/status/1358873463780347905/photo/,
KAB BANGKALAN,2793,,2793,2/8/2021,https://twitter.com/KominfoJatim/status/1358873463780347905/photo/,
KAB MADIUN,2146,,2146,2/8/2021,https://twitter.com/KominfoJatim/status/1358873463780347905/photo/,
KOTA BLITAR,2254,,2254,2/8/2021,https://twitter.com/KominfoJatim/status/1358873463780347905/photo/,
KAB MALANG,6773,,6773,2/8/2021,https://twitter.com/KominfoJatim/status/1358873463780347905/photo/,
KAB MAGETAN,2252,,2252,2/8/2021,https://twitter.com/KominfoJatim/status/1358873463780347905/photo/,
KOTA PROBOLINGGO,1476,,1476,2/8/2021,https://twitter.com/KominfoJatim/status/1358873463780347905/photo/,
KOTA MALANG,9546,,9546,2/8/2021,https://twitter.com/KominfoJatim/status/1358873463780347905/photo/,
KAB SAMPANG,1570,,1570,2/8/2021,https://twitter.com/KominfoJatim/status/1358873463780347905/photo/,
KAB KEDIRI,4319,,4319,2/8/2021,https://twitter.com/KominfoJatim/status/1358873463780347905/photo/,
KAB TUBAN,2472,,2472,2/8/2021,https://twitter.com/KominfoJatim/status/1358873463780347905/photo/,
KAB SUMENEP,2457,,2457,2/8/2021,https://twitter.com/KominfoJatim/status/1358873463780347905/photo/,
KAB TRENGGALEK,2378,,2378,2/8/2021,https://twitter.com/KominfoJatim/status/1358873463780347905/photo/,
KAB PAMEKASAN,2017,,2017,2/8/2021,https://twitter.com/KominfoJatim/status/1358873463780347905/photo/,
KAB SITUBONDO,1943,,1943,2/8/2021,https://twitter.com/KominfoJatim/status/1358873463780347905/photo/,
KAB PACITAN,1531,,1531,2/8/2021,https://twitter.com/KominfoJatim/status/1358873463780347905/photo/,
KAB NGAWI,3019,,3019,2/9/2021,https://twitter.com/KominfoJatim/status/1359172379428102146/photo/,
KAB MADIUN,2152,,2152,2/9/2021,https://twitter.com/KominfoJatim/status/1359172379428102146/photo/,
KAB PASURUAN,4225,,4225,2/9/2021,https://twitter.com/KominfoJatim/status/1359172379428102146/photo/,
KAB BANYUWANGI,5085,,5085,2/9/2021,https://twitter.com/KominfoJatim/status/1359172379428102146/photo/,
KAB BANGKALAN,2804,,2804,2/9/2021,https://twitter.com/KominfoJatim/status/1359172379428102146/photo/,
KAB MALANG,6923,,6923,2/9/2021,https://twitter.com/KominfoJatim/status/1359172379428102146/photo/,
KAB MAGETAN,2355,,2355,2/9/2021,https://twitter.com/KominfoJatim/status/1359172379428102146/photo/,
KOTA PROBOLINGGO,1551,,1551,2/9/2021,https://twitter.com/KominfoJatim/status/1359172379428102146/photo/,
KOTA BLITAR,2357,,2357,2/9/2021,https://twitter.com/KominfoJatim/status/1359172379428102146/photo/,
KAB KEDIRI,4336,,4336,2/9/2021,https://twitter.com/KominfoJatim/status/1359172379428102146/photo/,
KAB TUBAN,2472,,2472,2/9/2021,https://twitter.com/KominfoJatim/status/1359172379428102146/photo/,
KOTA MALANG,9572,,9572,2/9/2021,https://twitter.com/KominfoJatim/status/1359172379428102146/photo/,
KAB TRENGGALEK,2385,,2385,2/9/2021,https://twitter.com/KominfoJatim/status/1359172379428102146/photo/,
KAB SUMENEP,2594,,2594,2/9/2021,https://twitter.com/KominfoJatim/status/1359172379428102146/photo/,
KAB PAMEKASAN,2046,,2046,2/9/2021,https://twitter.com/KominfoJatim/status/1359172379428102146/photo/,
KAB SAMPANG,1660,,1660,2/9/2021,https://twitter.com/KominfoJatim/status/1359172379428102146/photo/,
KAB SITUBONDO,2212,,2212,2/9/2021,https://twitter.com/KominfoJatim/status/1359172379428102146/photo/,
KAB PACITAN,1738,,1738,2/9/2021,https://twitter.com/KominfoJatim/status/1359172379428102146/photo/,
KAB TULUNGAGUNG,5320,,5320,2/9/2021,https://twitter.com/KominfoJatim/status/1359172379428102146/photo/,
KAB SIDOARJO,9173,3947,13120,2/9/2021,https://twitter.com/KominfoJatim/status/1359172379428102146/photo/,
KOTA MOJOKERTO,2687,,2687,2/9/2021,https://twitter.com/KominfoJatim/status/1359172379428102146/photo/,
KAB GRESIK,6436,1979,8415,2/9/2021,https://twitter.com/KominfoJatim/status/1359172379428102146/photo/,
KAB PONOROGO,3540,,3540,2/9/2021,https://twitter.com/KominfoJatim/status/1359172379428102146/photo/,
KAB LAMONGAN,5340,,5340,2/9/2021,https://twitter.com/KominfoJatim/status/1359172379428102146/photo/,
KOTA PASURUAN,1420,,1420,2/9/2021,https://twitter.com/KominfoJatim/status/1359172379428102146/photo/,
KAB JEMBER,6636,,6636,2/9/2021,https://twitter.com/KominfoJatim/status/1359172379428102146/photo/,
KOTA BATU,1559,,1559,2/9/2021,https://twitter.com/KominfoJatim/status/1359172379428102146/photo/,
KAB NGANJUK,3451,,3451,2/9/2021,https://twitter.com/KominfoJatim/status/1359172379428102146/photo/,
KAB JOMBANG,5141,,5141,2/9/2021,https://twitter.com/KominfoJatim/status/1359172379428102146/photo/,
KOTA KEDIRI,4355,,4355,2/9/2021,https://twitter.com/KominfoJatim/status/1359172379428102146/photo/,
KAB BLITAR,2811,,2811,2/9/2021,https://twitter.com/KominfoJatim/status/1359172379428102146/photo/,
KAB MOJOKERTO,3761,,3761,2/9/2021,https://twitter.com/KominfoJatim/status/1359172379428102146/photo/,
KAB BONDOWOSO,2586,,2586,2/9/2021,https://twitter.com/KominfoJatim/status/1359172379428102146/photo/,
KOTA MADIUN,3561,,3561,2/9/2021,https://twitter.com/KominfoJatim/status/1359172379428102146/photo/,
KAB LUMAJANG,3363,,3363,2/9/2021,https://twitter.com/KominfoJatim/status/1359172379428102146/photo/,
KAB BOJONEGORO,4050,,4050,2/9/2021,https://twitter.com/KominfoJatim/status/1359172379428102146/photo/,
KAB PROBOLINGGO,2940,,2940,2/9/2021,https://twitter.com/KominfoJatim/status/1359172379428102146/photo/,
KOTA SURABAYA,33120,15128,48248,2/9/2021,https://twitter.com/KominfoJatim/status/1359172379428102146/photo/,
KAB TULUNGAGUNG,5320,,5320,2/10/2021,https://twitter.com/KominfoJatim/status/1359619992854007811/photo/,
KAB GRESIK,6436,2623,9059,2/10/2021,https://twitter.com/KominfoJatim/status/1359619992854007811/photo/,
KAB PASURUAN,4451,,4451,2/10/2021,https://twitter.com/KominfoJatim/status/1359619992854007811/photo/,
KAB SIDOARJO,9173,3947,13120,2/10/2021,https://twitter.com/KominfoJatim/status/1359619992854007811/photo/,
KOTA MOJOKERTO,2695,,2695,2/10/2021,https://twitter.com/KominfoJatim/status/1359619992854007811/photo/,
KAB MOJOKERTO,3761,,3761,2/10/2021,https://twitter.com/KominfoJatim/status/1359619992854007811/photo/,
KAB PONOROGO,3540,65,3605,2/10/2021,https://twitter.com/KominfoJatim/status/1359619992854007811/photo/,
KAB LAMONGAN,5340,41,5381,2/10/2021,https://twitter.com/KominfoJatim/status/1359619992854007811/photo/,
KOTA PASURUAN,1420,,1420,2/10/2021,https://twitter.com/KominfoJatim/status/1359619992854007811/photo/,
KAB JEMBER,6636,870,7506,2/10/2021,https://twitter.com/KominfoJatim/status/1359619992854007811/photo/,
KOTA BATU,1559,,1559,2/10/2021,https://twitter.com/KominfoJatim/status/1359619992854007811/photo/,
KOTA KEDIRI,4371,,4371,2/10/2021,https://twitter.com/KominfoJatim/status/1359619992854007811/photo/,
KAB NGANJUK,3451,,3451,2/10/2021,https://twitter.com/KominfoJatim/status/1359619992854007811/photo/,
KAB JOMBANG,5146,1407,6553,2/10/2021,https://twitter.com/KominfoJatim/status/1359619992854007811/photo/,
KAB BONDOWOSO,2669,,2669,2/10/2021,https://twitter.com/KominfoJatim/status/1359619992854007811/photo/,
KAB PROBOLINGGO,2941,,2941,2/10/2021,https://twitter.com/KominfoJatim/status/1359619992854007811/photo/,
KOTA MADIUN,3578,,3578,2/10/2021,https://twitter.com/KominfoJatim/status/1359619992854007811/photo/,
KAB BLITAR,2830,51,2881,2/10/2021,https://twitter.com/KominfoJatim/status/1359619992854007811/photo/,
KAB LUMAJANG,3413,64,3477,2/10/2021,https://twitter.com/KominfoJatim/status/1359619992854007811/photo/,
KAB BOJONEGORO,4167,,4167,2/10/2021,https://twitter.com/KominfoJatim/status/1359619992854007811/photo/,
KAB NGAWI,3019,,3019,2/10/2021,https://twitter.com/KominfoJatim/status/1359619992854007811/photo/,
KOTA BLITAR,2369,,2369,2/10/2021,https://twitter.com/KominfoJatim/status/1359619992854007811/photo/,
KAB BANGKALAN,2894,10,2904,2/10/2021,https://twitter.com/KominfoJatim/status/1359619992854007811/photo/,
KOTA SURABAYA,33220,18211,51431,2/10/2021,https://twitter.com/KominfoJatim/status/1359619992854007811/photo/,
KAB BANYUWANGI,5085,,5085,2/10/2021,https://twitter.com/KominfoJatim/status/1359619992854007811/photo/,
KAB MADIUN,2169,,2169,2/10/2021,https://twitter.com/KominfoJatim/status/1359619992854007811/photo/,
KAB MALANG,7080,,7080,2/10/2021,https://twitter.com/KominfoJatim/status/1359619992854007811/photo/,
KAB MAGETAN,2391,,2391,2/10/2021,https://twitter.com/KominfoJatim/status/1359619992854007811/photo/,
KAB SITUBONDO,2438,,2438,2/10/2021,https://twitter.com/KominfoJatim/status/1359619992854007811/photo/,
KAB KEDIRI,4851,,4851,2/10/2021,https://twitter.com/KominfoJatim/status/1359619992854007811/photo/,
KOTA MALANG,10640,,10640,2/10/2021,https://twitter.com/KominfoJatim/status/1359619992854007811/photo/,
KAB SAMPANG,1749,,1749,2/10/2021,https://twitter.com/KominfoJatim/status/1359619992854007811/photo/,
KOTA PROBOLINGGO,1551,,1551,2/10/2021,https://twitter.com/KominfoJatim/status/1359619992854007811/photo/,
KAB PACITAN,2027,,2027,2/10/2021,https://twitter.com/KominfoJatim/status/1359619992854007811/photo/,
KAB TUBAN,2711,11,2722,2/10/2021,https://twitter.com/KominfoJatim/status/1359619992854007811/photo/,
KAB SUMENEP,2731,,2731,2/10/2021,https://twitter.com/KominfoJatim/status/1359619992854007811/photo/,
KAB TRENGGALEK,2386,,2386,2/10/2021,https://twitter.com/KominfoJatim/status/1359619992854007811/photo/,
KAB PAMEKASAN,2063,50,2113,2/10/2021,https://twitter.com/KominfoJatim/status/1359619992854007811/photo/,
KAB KEDIRI,5398,1359,6757,2/11/2021,https://twitter.com/KominfoJatim/status/1359907117956616198/photo/,
KAB LUMAJANG,3418,775,4193,2/11/2021,https://twitter.com/KominfoJatim/status/1359907117956616198/photo/,
KAB NGAWI,3081,764,3845,2/11/2021,https://twitter.com/KominfoJatim/status/1359907117956616198/photo/,
KAB BOJONEGORO,4211,652,4863,2/11/2021,https://twitter.com/KominfoJatim/status/1359907117956616198/photo/,
KAB MALANG,7406,,7406,2/11/2021,https://twitter.com/KominfoJatim/status/1359907117956616198/photo/,
KAB SITUBONDO,2557,7,2564,2/11/2021,https://twitter.com/KominfoJatim/status/1359907117956616198/photo/,
KOTA BLITAR,2369,,2369,2/11/2021,https://twitter.com/KominfoJatim/status/1359907117956616198/photo/,
KAB BANGKALAN,2900,163,3063,2/11/2021,https://twitter.com/KominfoJatim/status/1359907117956616198/photo/,
KOTA PROBOLINGGO,1644,315,1959,2/11/2021,https://twitter.com/KominfoJatim/status/1359907117956616198/photo/,
KAB MAGETAN,2462,267,2729,2/11/2021,https://twitter.com/KominfoJatim/status/1359907117956616198/photo/,
KOTA SURABAYA,33377,20112,53489,2/11/2021,https://twitter.com/KominfoJatim/status/1359907117956616198/photo/,
KAB BANYUWANGI,5110,566,5676,2/11/2021,https://twitter.com/KominfoJatim/status/1359907117956616198/photo/,
KAB MADIUN,2190,76,2266,2/11/2021,https://twitter.com/KominfoJatim/status/1359907117956616198/photo/,
KAB TUBAN,2853,13,2866,2/11/2021,https://twitter.com/KominfoJatim/status/1359907117956616198/photo/,
KAB SAMPANG,1782,47,1829,2/11/2021,https://twitter.com/KominfoJatim/status/1359907117956616198/photo/,
KAB SUMENEP,2753,392,3145,2/11/2021,https://twitter.com/KominfoJatim/status/1359907117956616198/photo/,
KAB TRENGGALEK,2496,,2496,2/11/2021,https://twitter.com/KominfoJatim/status/1359907117956616198/photo/,
KAB PAMEKASAN,2097,407,2504,2/11/2021,https://twitter.com/KominfoJatim/status/1359907117956616198/photo/,
KAB TULUNGAGUNG,5320,882,6202,2/11/2021,https://twitter.com/KominfoJatim/status/1359907117956616198/photo/,
KOTA MOJOKERTO,2769,295,3064,2/11/2021,https://twitter.com/KominfoJatim/status/1359907117956616198/photo/,
KAB PASURUAN,4451,348,4799,2/11/2021,https://twitter.com/KominfoJatim/status/1359907117956616198/photo/,
KAB SIDOARJO,9173,4723,13896,2/11/2021,https://twitter.com/KominfoJatim/status/1359907117956616198/photo/,
KAB GRESIK,6146,3360,9506,2/11/2021,https://twitter.com/KominfoJatim/status/1359907117956616198/photo/,
KAB MOJOKERTO,3761,679,4440,2/11/2021,https://twitter.com/KominfoJatim/status/1359907117956616198/photo/,
KAB PONOROGO,3540,955,4495,2/11/2021,https://twitter.com/KominfoJatim/status/1359907117956616198/photo/,
KAB NGANJUK,3460,622,4082,2/11/2021,https://twitter.com/KominfoJatim/status/1359907117956616198/photo/,
KAB LAMONGAN,5340,879,6219,2/11/2021,https://twitter.com/KominfoJatim/status/1359907117956616198/photo/,
KAB BONDOWOSO,2680,442,3122,2/11/2021,https://twitter.com/KominfoJatim/status/1359907117956616198/photo/,
KAB JEMBER,6637,1197,7834,2/11/2021,https://twitter.com/KominfoJatim/status/1359907117956616198/photo/,
KOTA BATU,1559,109,1668,2/11/2021,https://twitter.com/KominfoJatim/status/1359907117956616198/photo/,
KAB PACITAN,2357,,2357,2/11/2021,https://twitter.com/KominfoJatim/status/1359907117956616198/photo/,
KOTA KEDIRI,4371,353,4724,2/11/2021,https://twitter.com/KominfoJatim/status/1359907117956616198/photo/,
KAB JOMBANG,5146,2354,7500,2/11/2021,https://twitter.com/KominfoJatim/status/1359907117956616198/photo/,
KOTA PASURUAN,1416,,1416,2/11/2021,https://twitter.com/KominfoJatim/status/1359907117956616198/photo/,
KAB PROBOLINGGO,2941,,2941,2/11/2021,https://twitter.com/KominfoJatim/status/1359907117956616198/photo/,
KAB BLITAR,2871,633,3504,2/11/2021,https://twitter.com/KominfoJatim/status/1359907117956616198/photo/,
KOTA MALANG,11999,,11999,2/11/2021,https://twitter.com/KominfoJatim/status/1359907117956616198/photo/,
KOTA MADIUN,3582,51,3633,2/11/2021,https://twitter.com/KominfoJatim/status/1359907117956616198/photo/,
KOTA MADIUN,3582,51,3633,2/12/2021,https://twitter.com/KominfoJatim/status/1360322150821842946/photo/,
KAB LUMAJANG,3430,1031,4461,2/12/2021,https://twitter.com/KominfoJatim/status/1360322150821842946/photo/,
KAB BOJONEGORO,4237,1087,5324,2/12/2021,https://twitter.com/KominfoJatim/status/1360322150821842946/photo/,
KAB NGAWI,3081,789,3870,2/12/2021,https://twitter.com/KominfoJatim/status/1360322150821842946/photo/,
KAB MALANG,7406,,7406,2/12/2021,https://twitter.com/KominfoJatim/status/1360322150821842946/photo/,
KAB SITUBONDO,2557,7,2564,2/12/2021,https://twitter.com/KominfoJatim/status/1360322150821842946/photo/,
KOTA BLITAR,2369,,2369,2/12/2021,https://twitter.com/KominfoJatim/status/1360322150821842946/photo/,
KAB BANYUWANGI,5189,919,6108,2/12/2021,https://twitter.com/KominfoJatim/status/1360322150821842946/photo/,
KAB BANGKALAN,2900,163,3063,2/12/2021,https://twitter.com/KominfoJatim/status/1360322150821842946/photo/,
KOTA PROBOLINGGO,1644,376,2020,2/12/2021,https://twitter.com/KominfoJatim/status/1360322150821842946/photo/,
KAB MAGETAN,2462,267,2729,2/12/2021,https://twitter.com/KominfoJatim/status/1360322150821842946/photo/,
KOTA SURABAYA,33392,20274,53666,2/12/2021,https://twitter.com/KominfoJatim/status/1360322150821842946/photo/,
KAB MADIUN,2190,76,2266,2/12/2021,https://twitter.com/KominfoJatim/status/1360322150821842946/photo/,
KAB SAMPANG,1791,47,1838,2/12/2021,https://twitter.com/KominfoJatim/status/1360322150821842946/photo/,
KAB TUBAN,2853,13,2866,2/12/2021,https://twitter.com/KominfoJatim/status/1360322150821842946/photo/,
KAB SUMENEP,2806,431,3237,2/12/2021,https://twitter.com/KominfoJatim/status/1360322150821842946/photo/,
KAB TRENGGALEK,2551,495,3046,2/12/2021,https://twitter.com/KominfoJatim/status/1360322150821842946/photo/,
KAB PAMEKASAN,2097,407,2504,2/12/2021,https://twitter.com/KominfoJatim/status/1360322150821842946/photo/,
KAB TULUNGAGUNG,53320,992,54312,2/12/2021,https://twitter.com/KominfoJatim/status/1360322150821842946/photo/,
KAB PASURUAN,4451,348,4799,2/12/2021,https://twitter.com/KominfoJatim/status/1360322150821842946/photo/,
KAB SIDOARJO,9173,4750,13923,2/12/2021,https://twitter.com/KominfoJatim/status/1360322150821842946/photo/,
KOTA MOJOKERTO,3761,738,4499,2/12/2021,https://twitter.com/KominfoJatim/status/1360322150821842946/photo/,
KAB LAMONGAN,5340,1131,6471,2/12/2021,https://twitter.com/KominfoJatim/status/1360322150821842946/photo/,
KAB PONOROGO,3540,973,4513,2/12/2021,https://twitter.com/KominfoJatim/status/1360322150821842946/photo/,
KAB NGANJUK,3460,1092,4552,2/12/2021,https://twitter.com/KominfoJatim/status/1360322150821842946/photo/,
KAB BONDOWOSO,2680,817,3497,2/12/2021,https://twitter.com/KominfoJatim/status/1360322150821842946/photo/,
KAB JEMBER,6637,2101,8738,2/12/2021,https://twitter.com/KominfoJatim/status/1360322150821842946/photo/,
KOTA BATU,1559,109,1668,2/12/2021,https://twitter.com/KominfoJatim/status/1360322150821842946/photo/,
KOTA MALANG,12147,803,12950,2/12/2021,https://twitter.com/KominfoJatim/status/1360322150821842946/photo/,
KAB PACITAN,2357,,2357,2/12/2021,https://twitter.com/KominfoJatim/status/1360322150821842946/photo/,
KOTA KEDIRI,4371,353,4724,2/12/2021,https://twitter.com/KominfoJatim/status/1360322150821842946/photo/,
KAB JOMBANG,5146,2354,7500,2/12/2021,https://twitter.com/KominfoJatim/status/1360322150821842946/photo/,
KOTA PASURUAN,1416,79,1495,2/12/2021,https://twitter.com/KominfoJatim/status/1360322150821842946/photo/,
KAB PROBOLINGGO,2944,,2944,2/12/2021,https://twitter.com/KominfoJatim/status/1360322150821842946/photo/,
KAB BLITAR,2871,663,3534,2/12/2021,https://twitter.com/KominfoJatim/status/1360322150821842946/photo/,
KAB KEDIRI,5473,1491,6964,2/12/2021,https://twitter.com/KominfoJatim/status/1360322150821842946/photo/,
KAB JOMBANG,5146,3202,8348,2/13/2021,https://twitter.com/KominfoJatim/status/1360693645301583873/photo/,
KAB SIDOARJO,9173,5300,14473,2/13/2021,https://twitter.com/KominfoJatim/status/1360693645301583873/photo/,
KAB GRESIK,6147,3581,9728,2/13/2021,https://twitter.com/KominfoJatim/status/1360693645301583873/photo/,
KAB BONDOWOSO,2680,1487,4167,2/13/2021,https://twitter.com/KominfoJatim/status/1360693645301583873/photo/,
KAB BOJONEGORO,4345,2392,6737,2/13/2021,https://twitter.com/KominfoJatim/status/1360693645301583873/photo/,
KOTA SURABAYA,33432,22224,55656,2/13/2021,https://twitter.com/KominfoJatim/status/1360693645301583873/photo/,
KAB BLITAR,2878,1502,4380,2/13/2021,https://twitter.com/KominfoJatim/status/1360693645301583873/photo/,
KAB NGANJUK,3460,1763,5223,2/13/2021,https://twitter.com/KominfoJatim/status/1360693645301583873/photo/,
KAB TULUNGAGUNG,5320,2137,7457,2/13/2021,https://twitter.com/KominfoJatim/status/1360693645301583873/photo/,
KAB LAMONGAN,5339,2581,7920,2/13/2021,https://twitter.com/KominfoJatim/status/1360693645301583873/photo/,
KAB JEMBER,6637,3194,9831,2/13/2021,https://twitter.com/KominfoJatim/status/1360693645301583873/photo/,
KAB PONOROGO,3540,1607,5147,2/13/2021,https://twitter.com/KominfoJatim/status/1360693645301583873/photo/,
KAB KEDIRI,5483,1941,7424,2/13/2021,https://twitter.com/KominfoJatim/status/1360693645301583873/photo/,
KOTA MOJOKERTO,2699,818,3517,2/13/2021,https://twitter.com/KominfoJatim/status/1360693645301583873/photo/,
KAB LUMAJANG,3430,1187,4617,2/13/2021,https://twitter.com/KominfoJatim/status/1360693645301583873/photo/,
KAB NGAWI,3101,1054,4155,2/13/2021,https://twitter.com/KominfoJatim/status/1360693645301583873/photo/,
KAB PASURUAN,4451,1175,5626,2/13/2021,https://twitter.com/KominfoJatim/status/1360693645301583873/photo/,
KAB TRENGGALEK,3021,1107,4128,2/13/2021,https://twitter.com/KominfoJatim/status/1360693645301583873/photo/,
KAB MOJOKERTO,3761,1052,4813,2/13/2021,https://twitter.com/KominfoJatim/status/1360693645301583873/photo/,
KAB PROBOLINGGO,2944,829,3773,2/13/2021,https://twitter.com/KominfoJatim/status/1360693645301583873/photo/,
KOTA MALANG,12147,3289,15436,2/13/2021,https://twitter.com/KominfoJatim/status/1360693645301583873/photo/,
KOTA PROBOLINGGO,1667,523,2190,2/13/2021,https://twitter.com/KominfoJatim/status/1360693645301583873/photo/,
KOTA MADIUN,3585,706,4291,2/13/2021,https://twitter.com/KominfoJatim/status/1360693645301583873/photo/,
KOTA PASURUAN,1416,245,1661,2/13/2021,https://twitter.com/KominfoJatim/status/1360693645301583873/photo/,
KOTA BATU,1559,256,1815,2/13/2021,https://twitter.com/KominfoJatim/status/1360693645301583873/photo/,
KAB MAGETAN,2489,650,3139,2/13/2021,https://twitter.com/KominfoJatim/status/1360693645301583873/photo/,
KAB MADIUN,2209,598,2807,2/13/2021,https://twitter.com/KominfoJatim/status/1360693645301583873/photo/,
KAB SUMENEP,2868,771,3639,2/13/2021,https://twitter.com/KominfoJatim/status/1360693645301583873/photo/,
KOTA KEDIRI,4374,426,4800,2/13/2021,https://twitter.com/KominfoJatim/status/1360693645301583873/photo/,
KAB BANYUWANGI,5189,919,6108,2/13/2021,https://twitter.com/KominfoJatim/status/1360693645301583873/photo/,
KAB PAMEKASAN,2309,738,3047,2/13/2021,https://twitter.com/KominfoJatim/status/1360693645301583873/photo/,
KAB BANGKALAN,2900,449,3349,2/13/2021,https://twitter.com/KominfoJatim/status/1360693645301583873/photo/,
KAB SITUBONDO,2584,336,2920,2/13/2021,https://twitter.com/KominfoJatim/status/1360693645301583873/photo/,
KAB TUBAN,2884,412,3296,2/13/2021,https://twitter.com/KominfoJatim/status/1360693645301583873/photo/,
KOTA BLITAR,2475,124,2599,2/13/2021,https://twitter.com/KominfoJatim/status/1360693645301583873/photo/,
KAB PACITAN,2357,32,2389,2/13/2021,https://twitter.com/KominfoJatim/status/1360693645301583873/photo/,
KAB SAMPANG,1821,141,1962,2/13/2021,https://twitter.com/KominfoJatim/status/1360693645301583873/photo/,
KAB MALANG,7512,69,7581,2/13/2021,https://twitter.com/KominfoJatim/status/1360693645301583873/photo/,
KAB TULUNGAGUNG,5320,2474,7794,2/14/2021,https://twitter.com/KominfoJatim/status/1360957417463275523/photo/,
KAB PASURUAN,4451,1175,5626,2/14/2021,https://twitter.com/KominfoJatim/status/1360957417463275523/photo/,
KOTA MOJOKERTO,2699,818,3517,2/14/2021,https://twitter.com/KominfoJatim/status/1360957417463275523/photo/,
KAB SIDOARJO,12267,4089,16356,2/14/2021,https://twitter.com/KominfoJatim/status/1360957417463275523/photo/,
KAB GRESIK,6147,3581,9728,2/14/2021,https://twitter.com/KominfoJatim/status/1360957417463275523/photo/,
KAB MOJOKERTO,3761,1058,4819,2/14/2021,https://twitter.com/KominfoJatim/status/1360957417463275523/photo/,
KAB PONOROGO,3540,1839,5379,2/14/2021,https://twitter.com/KominfoJatim/status/1360957417463275523/photo/,
KAB NGANJUK,3460,1763,5223,2/14/2021,https://twitter.com/KominfoJatim/status/1360957417463275523/photo/,
KAB LAMONGAN,5339,2775,8114,2/14/2021,https://twitter.com/KominfoJatim/status/1360957417463275523/photo/,
KAB BONDOWOSO,2680,1487,4167,2/14/2021,https://twitter.com/KominfoJatim/status/1360957417463275523/photo/,
KAB JEMBER,6637,3371,10008,2/14/2021,https://twitter.com/KominfoJatim/status/1360957417463275523/photo/,
KOTA BATU,1559,256,1815,2/14/2021,https://twitter.com/KominfoJatim/status/1360957417463275523/photo/,
KAB PACITAN,2357,32,2389,2/14/2021,https://twitter.com/KominfoJatim/status/1360957417463275523/photo/,
KOTA KEDIRI,4374,426,4800,2/14/2021,https://twitter.com/KominfoJatim/status/1360957417463275523/photo/,
KAB JOMBANG,5146,3202,8348,2/14/2021,https://twitter.com/KominfoJatim/status/1360957417463275523/photo/,
KOTA PASURUAN,1416,245,1661,2/14/2021,https://twitter.com/KominfoJatim/status/1360957417463275523/photo/,
KAB PROBOLINGGO,2944,847,3791,2/14/2021,https://twitter.com/KominfoJatim/status/1360957417463275523/photo/,
KAB BLITAR,2878,1052,3930,2/14/2021,https://twitter.com/KominfoJatim/status/1360957417463275523/photo/,
KAB BOJONEGORO,4345,2392,6737,2/14/2021,https://twitter.com/KominfoJatim/status/1360957417463275523/photo/,
KAB KEDIRI,5483,1941,7424,2/14/2021,https://twitter.com/KominfoJatim/status/1360957417463275523/photo/,
KOTA MADIUN,3585,1248,4833,2/14/2021,https://twitter.com/KominfoJatim/status/1360957417463275523/photo/,
KAB NGAWI,3101,1054,4155,2/14/2021,https://twitter.com/KominfoJatim/status/1360957417463275523/photo/,
KAB LUMAJANG,3430,1237,4667,2/14/2021,https://twitter.com/KominfoJatim/status/1360957417463275523/photo/,
KOTA BLITAR,2475,124,2599,2/14/2021,https://twitter.com/KominfoJatim/status/1360957417463275523/photo/,
KAB TRENGGALEK,3021,1107,4128,2/14/2021,https://twitter.com/KominfoJatim/status/1360957417463275523/photo/,
KAB MALANG,7512,69,7581,2/14/2021,https://twitter.com/KominfoJatim/status/1360957417463275523/photo/,
KAB SITUBONDO,2584,336,2920,2/14/2021,https://twitter.com/KominfoJatim/status/1360957417463275523/photo/,
KOTA PROBOLINGGO,1667,523,2190,2/14/2021,https://twitter.com/KominfoJatim/status/1360957417463275523/photo/,
KAB MAGETAN,2489,650,3139,2/14/2021,https://twitter.com/KominfoJatim/status/1360957417463275523/photo/,
KAB BANGKALAN,2900,449,3349,2/14/2021,https://twitter.com/KominfoJatim/status/1360957417463275523/photo/,
KAB BANYUWANGI,5161,2612,7773,2/14/2021,https://twitter.com/KominfoJatim/status/1360957417463275523/photo/,
KAB SAMPANG,1821,170,1991,2/14/2021,https://twitter.com/KominfoJatim/status/1360957417463275523/photo/,
KOTA SURABAYA,33432,22224,55656,2/14/2021,https://twitter.com/KominfoJatim/status/1360957417463275523/photo/,
KAB MADIUN,2209,598,2807,2/14/2021,https://twitter.com/KominfoJatim/status/1360957417463275523/photo/,
KAB TUBAN,2884,412,3296,2/14/2021,https://twitter.com/KominfoJatim/status/1360957417463275523/photo/,
KAB SUMENEP,2868,771,3639,2/14/2021,https://twitter.com/KominfoJatim/status/1360957417463275523/photo/,
KAB PAMEKASAN,2309,738,3047,2/14/2021,https://twitter.com/KominfoJatim/status/1360957417463275523/photo/,
KAB TULUNGAGUNG,5320,3974,9294,2/16/2021,https://twitter.com/KominfoJatim/status/1361784701866840064/photo/,
KOTA BATU,1559,1315,2874,2/16/2021,https://twitter.com/KominfoJatim/status/1361784701866840064/photo/,
KAB JEMBER,6638,5334,11972,2/16/2021,https://twitter.com/KominfoJatim/status/1361784701866840064/photo/,
KAB SIDOARJO,9315,6625,15940,2/16/2021,https://twitter.com/KominfoJatim/status/1361784701866840064/photo/,
KAB BOJONEGORO,4380,3358,7738,2/16/2021,https://twitter.com/KominfoJatim/status/1361784701866840064/photo/,
KAB LAMONGAN,5339,4031,9370,2/16/2021,https://twitter.com/KominfoJatim/status/1361784701866840064/photo/,
KAB JOMBANG,5155,3888,9043,2/16/2021,https://twitter.com/KominfoJatim/status/1361784701866840064/photo/,
KAB BLITAR,2895,2134,5029,2/16/2021,https://twitter.com/KominfoJatim/status/1361784701866840064/photo/,
KAB PONOROGO,3540,2564,6104,2/16/2021,https://twitter.com/KominfoJatim/status/1361784701866840064/photo/,
KAB NGANJUK,3460,2481,5941,2/16/2021,https://twitter.com/KominfoJatim/status/1361784701866840064/photo/,
KAB BONDOWOSO,2680,1892,4572,2/16/2021,https://twitter.com/KominfoJatim/status/1361784701866840064/photo/,
KOTA SURABAYA,34316,27489,61805,2/16/2021,https://twitter.com/KominfoJatim/status/1361784701866840064/photo/,
KAB GRESIK,6147,4054,10201,2/16/2021,https://twitter.com/KominfoJatim/status/1361784701866840064/photo/,
KAB NGAWI,3336,2001,5337,2/16/2021,https://twitter.com/KominfoJatim/status/1361784701866840064/photo/,
KOTA KEDIRI,4377,2883,7260,2/16/2021,https://twitter.com/KominfoJatim/status/1361784701866840064/photo/,
KAB LUMAJANG,3477,2375,5852,2/16/2021,https://twitter.com/KominfoJatim/status/1361784701866840064/photo/,
KOTA MADIUN,3585,2354,5939,2/16/2021,https://twitter.com/KominfoJatim/status/1361784701866840064/photo/,
KOTA PASURUAN,1416,884,2300,2/16/2021,https://twitter.com/KominfoJatim/status/1361784701866840064/photo/,
KAB PROBOLINGGO,2944,1839,4783,2/16/2021,https://twitter.com/KominfoJatim/status/1361784701866840064/photo/,
KOTA MOJOKERTO,2721,1544,4265,2/16/2021,https://twitter.com/KominfoJatim/status/1361784701866840064/photo/,
KAB MADIUN,2307,1570,3877,2/16/2021,https://twitter.com/KominfoJatim/status/1361784701866840064/photo/,
KAB MOJOKERTO,3760,2107,5867,2/16/2021,https://twitter.com/KominfoJatim/status/1361784701866840064/photo/,
KAB KEDIRI,5515,3088,8603,2/16/2021,https://twitter.com/KominfoJatim/status/1361784701866840064/photo/,
KAB MAGETAN,2601,1531,4132,2/16/2021,https://twitter.com/KominfoJatim/status/1361784701866840064/photo/,
KAB TRENGGALEK,3108,1775,4883,2/16/2021,https://twitter.com/KominfoJatim/status/1361784701866840064/photo/,
KAB PAMEKASAN,2787,1530,4317,2/16/2021,https://twitter.com/KominfoJatim/status/1361784701866840064/photo/,
KOTA PROBOLINGGO,1712,1006,2718,2/16/2021,https://twitter.com/KominfoJatim/status/1361784701866840064/photo/,
KOTA MALANG,12322,5753,18075,2/16/2021,https://twitter.com/KominfoJatim/status/1361784701866840064/photo/,
KAB PASURUAN,4451,1997,6448,2/16/2021,https://twitter.com/KominfoJatim/status/1361784701866840064/photo/,
KAB BANYUWANGI,5252,3102,8354,2/16/2021,https://twitter.com/KominfoJatim/status/1361784701866840064/photo/,
KOTA BLITAR,2483,1269,3752,2/16/2021,https://twitter.com/KominfoJatim/status/1361784701866840064/photo/,
KAB BANGKALAN,3156,1474,4630,2/16/2021,https://twitter.com/KominfoJatim/status/1361784701866840064/photo/,
KAB MALANG,7757,3591,11348,2/16/2021,https://twitter.com/KominfoJatim/status/1361784701866840064/photo/,
KAB SUMENEP,3038,1464,4502,2/16/2021,https://twitter.com/KominfoJatim/status/1361784701866840064/photo/,
KAB TUBAN,3127,1302,4429,2/16/2021,https://twitter.com/KominfoJatim/status/1361784701866840064/photo/,
KAB SITUBONDO,2801,935,3736,2/16/2021,https://twitter.com/KominfoJatim/status/1361784701866840064/photo/,
KAB SAMPANG,1912,616,2528,2/16/2021,https://twitter.com/KominfoJatim/status/1361784701866840064/photo/,
KAB PACITAN,2357,511,2868,2/16/2021,https://twitter.com/KominfoJatim/status/1361784701866840064/photo/,
KAB NGANJUK,3460,3368,6828,2/17/2021,https://twitter.com/KominfoJatim/status/1362090178311909376/photo/,
KOTA BATU,1559,1493,3052,2/17/2021,https://twitter.com/KominfoJatim/status/1362090178311909376/photo/,
KAB TULUNGAGUNG,5320,4177,9497,2/17/2021,https://twitter.com/KominfoJatim/status/1362090178311909376/photo/,
KAB LAMONGAN,5339,4532,9871,2/17/2021,https://twitter.com/KominfoJatim/status/1362090178311909376/photo/,
KAB JEMBER,6639,5587,12226,2/17/2021,https://twitter.com/KominfoJatim/status/1362090178311909376/photo/,
KAB SIDOARJO,9328,7085,16413,2/17/2021,https://twitter.com/KominfoJatim/status/1362090178311909376/photo/,
KAB BOJONEGORO,4380,3549,7929,2/17/2021,https://twitter.com/KominfoJatim/status/1362090178311909376/photo/,
KOTA MADIUN,3590,2962,6552,2/17/2021,https://twitter.com/KominfoJatim/status/1362090178311909376/photo/,
KAB JOMBANG,5155,4032,9187,2/17/2021,https://twitter.com/KominfoJatim/status/1362090178311909376/photo/,
KAB PONOROGO,3540,2719,6259,2/17/2021,https://twitter.com/KominfoJatim/status/1362090178311909376/photo/,
KAB BLITAR,2895,2222,5117,2/17/2021,https://twitter.com/KominfoJatim/status/1362090178311909376/photo/,
KOTA KEDIRI,4378,3302,7680,2/17/2021,https://twitter.com/KominfoJatim/status/1362090178311909376/photo/,
KAB BONDOWOSO,2680,1977,4657,2/17/2021,https://twitter.com/KominfoJatim/status/1362090178311909376/photo/,
KOTA SURABAYA,34869,28356,63225,2/17/2021,https://twitter.com/KominfoJatim/status/1362090178311909376/photo/,
KAB MADIUN,2317,1850,4167,2/17/2021,https://twitter.com/KominfoJatim/status/1362090178311909376/photo/,
KAB NGAWI,3354,2083,5437,2/17/2021,https://twitter.com/KominfoJatim/status/1362090178311909376/photo/,
KAB GRESIK,6147,4168,10315,2/17/2021,https://twitter.com/KominfoJatim/status/1362090178311909376/photo/,
KAB PROBOLINGGO,2944,2032,4976,2/17/2021,https://twitter.com/KominfoJatim/status/1362090178311909376/photo/,
KOTA MOJOKERTO,2707,1709,4416,2/17/2021,https://twitter.com/KominfoJatim/status/1362090178311909376/photo/,
KAB MOJOKERTO,3760,2484,6244,2/17/2021,https://twitter.com/KominfoJatim/status/1362090178311909376/photo/,
KAB LUMAJANG,3479,2396,5875,2/17/2021,https://twitter.com/KominfoJatim/status/1362090178311909376/photo/,
KOTA PASURUAN,1416,936,2352,2/17/2021,https://twitter.com/KominfoJatim/status/1362090178311909376/photo/,
KOTA BLITAR,2505,1722,4227,2/17/2021,https://twitter.com/KominfoJatim/status/1362090178311909376/photo/,
KAB BANYUWANGI,5346,3948,9294,2/17/2021,https://twitter.com/KominfoJatim/status/1362090178311909376/photo/,
KAB MAGETAN,2623,1719,4342,2/17/2021,https://twitter.com/KominfoJatim/status/1362090178311909376/photo/,
KAB TRENGGALEK,3126,2007,5133,2/17/2021,https://twitter.com/KominfoJatim/status/1362090178311909376/photo/,
KAB KEDIRI,5528,3267,8795,2/17/2021,https://twitter.com/KominfoJatim/status/1362090178311909376/photo/,
KAB TUBAN,3163,1917,5080,2/17/2021,https://twitter.com/KominfoJatim/status/1362090178311909376/photo/,
KAB MALANG,7757,4827,12584,2/17/2021,https://twitter.com/KominfoJatim/status/1362090178311909376/photo/,
KAB PAMEKASAN,2842,1642,4484,2/17/2021,https://twitter.com/KominfoJatim/status/1362090178311909376/photo/,
KOTA PROBOLINGGO,1740,1070,2810,2/17/2021,https://twitter.com/KominfoJatim/status/1362090178311909376/photo/,
KAB PASURUAN,4451,2237,6688,2/17/2021,https://twitter.com/KominfoJatim/status/1362090178311909376/photo/,
KOTA MALANG,12322,6208,18530,2/17/2021,https://twitter.com/KominfoJatim/status/1362090178311909376/photo/,
KAB BANGKALAN,3160,1622,4782,2/17/2021,https://twitter.com/KominfoJatim/status/1362090178311909376/photo/,
KAB SUMENEP,3096,1580,4676,2/17/2021,https://twitter.com/KominfoJatim/status/1362090178311909376/photo/,
KAB SITUBONDO,2848,1011,3859,2/17/2021,https://twitter.com/KominfoJatim/status/1362090178311909376/photo/,
KAB SAMPANG,1939,709,2648,2/17/2021,https://twitter.com/KominfoJatim/status/1362090178311909376/photo/,
KAB PACITAN,2357,726,3083,2/17/2021,https://twitter.com/KominfoJatim/status/1362090178311909376/photo/,
KAB MOJOKERTO,3760,3708,7468,2/20/2021,https://twitter.com/KominfoJatim/status/1363141398455717897/photo/,
KOTA BATU,1561,1546,3107,2/20/2021,https://twitter.com/KominfoJatim/status/1363141398455717897/photo/,
KAB NGANJUK,3460,3407,6867,2/20/2021,https://twitter.com/KominfoJatim/status/1363141398455717897/photo/,
KAB JEMBER,6639,6527,13166,2/20/2021,https://twitter.com/KominfoJatim/status/1363141398455717897/photo/,
KAB TULUNGAGUNG,5320,4401,9721,2/20/2021,https://twitter.com/KominfoJatim/status/1363141398455717897/photo/,
KAB GRESIK,6269,5693,11962,2/20/2021,https://twitter.com/KominfoJatim/status/1363141398455717897/photo/,
KAB JOMBANG,5155,4951,10106,2/20/2021,https://twitter.com/KominfoJatim/status/1363141398455717897/photo/,
KAB SIDOARJO,9338,8117,17455,2/20/2021,https://twitter.com/KominfoJatim/status/1363141398455717897/photo/,
KOTA KEDIRI,4378,4072,8450,2/20/2021,https://twitter.com/KominfoJatim/status/1363141398455717897/photo/,
KOTA MOJOKERTO,2709,2379,5088,2/20/2021,https://twitter.com/KominfoJatim/status/1363141398455717897/photo/,
KAB LAMONGAN,5339,4869,10208,2/20/2021,https://twitter.com/KominfoJatim/status/1363141398455717897/photo/,
KAB LUMAJANG,3492,3250,6742,2/20/2021,https://twitter.com/KominfoJatim/status/1363141398455717897/photo/,
KAB BONDOWOSO,2680,2396,5076,2/20/2021,https://twitter.com/KominfoJatim/status/1363141398455717897/photo/,
KOTA MADIUN,3603,3261,6864,2/20/2021,https://twitter.com/KominfoJatim/status/1363141398455717897/photo/,
KAB BLITAR,2895,2530,5425,2/20/2021,https://twitter.com/KominfoJatim/status/1363141398455717897/photo/,
KAB BOJONEGORO,4280,3769,8049,2/20/2021,https://twitter.com/KominfoJatim/status/1363141398455717897/photo/,
KAB BANYUWANGI,5569,4909,10478,2/20/2021,https://twitter.com/KominfoJatim/status/1363141398455717897/photo/,
KAB PONOROGO,3540,2951,6491,2/20/2021,https://twitter.com/KominfoJatim/status/1363141398455717897/photo/,
KAB MADIUN,2425,2024,4449,2/20/2021,https://twitter.com/KominfoJatim/status/1363141398455717897/photo/,
KAB PROBOLINGGO,2960,2424,5384,2/20/2021,https://twitter.com/KominfoJatim/status/1363141398455717897/photo/,
KOTA SURABAYA,35567,30819,66386,2/20/2021,https://twitter.com/KominfoJatim/status/1363141398455717897/photo/,
KOTA BLITAR,2510,2068,4578,2/20/2021,https://twitter.com/KominfoJatim/status/1363141398455717897/photo/,
KAB NGAWI,3386,2248,5634,2/20/2021,https://twitter.com/KominfoJatim/status/1363141398455717897/photo/,
KAB MALANG,7759,6183,13942,2/20/2021,https://twitter.com/KominfoJatim/status/1363141398455717897/photo/,
KAB TUBAN,3163,2425,5588,2/20/2021,https://twitter.com/KominfoJatim/status/1363141398455717897/photo/,
KAB MAGETAN,2669,2043,4712,2/20/2021,https://twitter.com/KominfoJatim/status/1363141398455717897/photo/,
KAB PASURUAN,4451,3102,7553,2/20/2021,https://twitter.com/KominfoJatim/status/1363141398455717897/photo/,
KOTA PASURUAN,1416,1051,2467,2/20/2021,https://twitter.com/KominfoJatim/status/1363141398455717897/photo/,
KAB TRENGGALEK,3204,2331,5535,2/20/2021,https://twitter.com/KominfoJatim/status/1363141398455717897/photo/,
KOTA MALANG,12322,8631,20953,2/20/2021,https://twitter.com/KominfoJatim/status/1363141398455717897/photo/,
KOTA PROBOLINGGO,1792,1248,3040,2/20/2021,https://twitter.com/KominfoJatim/status/1363141398455717897/photo/,
KAB KEDIRI,5530,3711,9241,2/20/2021,https://twitter.com/KominfoJatim/status/1363141398455717897/photo/,
KAB SITUBONDO,2892,1648,4540,2/20/2021,https://twitter.com/KominfoJatim/status/1363141398455717897/photo/,
KAB BANGKALAN,3160,2000,5160,2/20/2021,https://twitter.com/KominfoJatim/status/1363141398455717897/photo/,
KAB PAMEKASAN,2842,1786,4628,2/20/2021,https://twitter.com/KominfoJatim/status/1363141398455717897/photo/,
KAB SUMENEP,3170,1996,5166,2/20/2021,https://twitter.com/KominfoJatim/status/1363141398455717897/photo/,
KAB SAMPANG,1952,1112,3064,2/20/2021,https://twitter.com/KominfoJatim/status/1363141398455717897/photo/,
KAB PACITAN,2358,1112,3470,2/20/2021,https://twitter.com/KominfoJatim/status/1363141398455717897/photo/,
KOTA SURABAYA,35628,30819,66447,2/21/2021,https://twitter.com/KominfoJatim/status/1363513944124530691/photo/,
KOTA BLITAR,2510,2068,4578,2/21/2021,https://twitter.com/KominfoJatim/status/1363513944124530691/photo/,
KAB NGAWI,3386,2248,5634,2/21/2021,https://twitter.com/KominfoJatim/status/1363513944124530691/photo/,
KAB MALANG,7759,6183,13942,2/21/2021,https://twitter.com/KominfoJatim/status/1363513944124530691/photo/,
KAB TUBAN,3163,2425,5588,2/21/2021,https://twitter.com/KominfoJatim/status/1363513944124530691/photo/,
KAB MAGETAN,2669,2043,4712,2/21/2021,https://twitter.com/KominfoJatim/status/1363513944124530691/photo/,
KAB PASURUAN,4451,3102,7553,2/21/2021,https://twitter.com/KominfoJatim/status/1363513944124530691/photo/,
KOTA PASURUAN,1416,1051,2467,2/21/2021,https://twitter.com/KominfoJatim/status/1363513944124530691/photo/,
KAB TRENGGALEK,3204,2331,5535,2/21/2021,https://twitter.com/KominfoJatim/status/1363513944124530691/photo/,
KOTA MALANG,12322,8631,20953,2/21/2021,https://twitter.com/KominfoJatim/status/1363513944124530691/photo/,
KOTA PROBOLINGGO,1792,1248,3040,2/21/2021,https://twitter.com/KominfoJatim/status/1363513944124530691/photo/,
KAB KEDIRI,5530,3711,9241,2/21/2021,https://twitter.com/KominfoJatim/status/1363513944124530691/photo/,
KAB SITUBONDO,2892,1648,4540,2/21/2021,https://twitter.com/KominfoJatim/status/1363513944124530691/photo/,
KAB BANGKALAN,3160,2000,5160,2/21/2021,https://twitter.com/KominfoJatim/status/1363513944124530691/photo/,
KAB PAMEKASAN,2842,1786,4628,2/21/2021,https://twitter.com/KominfoJatim/status/1363513944124530691/photo/,
KAB SUMENEP,3181,2056,5237,2/21/2021,https://twitter.com/KominfoJatim/status/1363513944124530691/photo/,
KAB SAMPANG,1957,1113,3070,2/21/2021,https://twitter.com/KominfoJatim/status/1363513944124530691/photo/,
KAB PACITAN,2358,1112,3470,2/21/2021,https://twitter.com/KominfoJatim/status/1363513944124530691/photo/,
KAB MOJOKERTO,3760,3717,7477,2/22/2021,https://twitter.com/KominfoJatim/status/1364106978994216961/photo,
KOTA BATU,1561,1546,3107,2/22/2021,https://twitter.com/KominfoJatim/status/1364106978994216961/photo,
KAB JEMBER,6639,6542,13181,2/22/2021,https://twitter.com/KominfoJatim/status/1364106978994216961/photo,
KAB NGANJUK,3460,3407,6867,2/22/2021,https://twitter.com/KominfoJatim/status/1364106978994216961/photo,
KAB TULUNGAGUNG,5320,4404,9724,2/22/2021,https://twitter.com/KominfoJatim/status/1364106978994216961/photo,
KAB JOMBANG,5155,5001,10156,2/22/2021,https://twitter.com/KominfoJatim/status/1364106978994216961/photo,
KAB GRESIK,6267,5717,11984,2/22/2021,https://twitter.com/KominfoJatim/status/1364106978994216961/photo,
KAB SIDOARJO,9366,8240,17606,2/22/2021,https://twitter.com/KominfoJatim/status/1364106978994216961/photo,
KOTA KEDIRI,4378,4139,8517,2/22/2021,https://twitter.com/KominfoJatim/status/1364106978994216961/photo,
KAB PONOROGO,3540,3331,6871,2/22/2021,https://twitter.com/KominfoJatim/status/1364106978994216961/photo,
KOTA MOJOKERTO,2724,2392,5116,2/22/2021,https://twitter.com/KominfoJatim/status/1364106978994216961/photo,
KAB LAMONGAN,5339,4983,10322,2/22/2021,https://twitter.com/KominfoJatim/status/1364106978994216961/photo,
KAB PROBOLINGGO,2960,2751,5711,2/22/2021,https://twitter.com/KominfoJatim/status/1364106978994216961/photo,
KAB BONDOWOSO,2680,2473,5153,2/22/2021,https://twitter.com/KominfoJatim/status/1364106978994216961/photo,
KOTA PASURUAN,1416,1299,2715,2/22/2021,https://twitter.com/KominfoJatim/status/1364106978994216961/photo,
KAB LUMAJANG,3518,3248,6766,2/22/2021,https://twitter.com/KominfoJatim/status/1364106978994216961/photo,
KOTA MADIUN,3605,3340,6945,2/22/2021,https://twitter.com/KominfoJatim/status/1364106978994216961/photo,
KAB BLITAR,2895,2603,5498,2/22/2021,https://twitter.com/KominfoJatim/status/1364106978994216961/photo,
KAB BANYUWANGI,5595,4967,10562,2/22/2021,https://twitter.com/KominfoJatim/status/1364106978994216961/photo,
KAB BOJONEGORO,4380,3814,8194,2/22/2021,https://twitter.com/KominfoJatim/status/1364106978994216961/photo,
KAB MADIUN,2425,2051,4476,2/22/2021,https://twitter.com/KominfoJatim/status/1364106978994216961/photo,
KOTA BLITAR,2516,2190,4706,2/22/2021,https://twitter.com/KominfoJatim/status/1364106978994216961/photo,
KAB PASURUAN,4451,3514,7965,2/22/2021,https://twitter.com/KominfoJatim/status/1364106978994216961/photo,
KAB NGAWI,3391,2417,5808,2/22/2021,https://twitter.com/KominfoJatim/status/1364106978994216961/photo,
KOTA SURABAYA,35715,30920,66635,2/22/2021,https://twitter.com/KominfoJatim/status/1364106978994216961/photo,
KAB MAGETAN,2678,2160,4838,2/22/2021,https://twitter.com/KominfoJatim/status/1364106978994216961/photo,
KAB MALANG,7773,6376,14149,2/22/2021,https://twitter.com/KominfoJatim/status/1364106978994216961/photo,
KAB TUBAN ,3168,2444,5612,2/22/2021,https://twitter.com/KominfoJatim/status/1364106978994216961/photo,
KAB TRENGGALEK,3205,2372,5577,2/22/2021,https://twitter.com/KominfoJatim/status/1364106978994216961/photo,
KOTA MALANG,12322,8811,21133,2/22/2021,https://twitter.com/KominfoJatim/status/1364106978994216961/photo,
KAB KEDIRI,5538,4072,9610,2/22/2021,https://twitter.com/KominfoJatim/status/1364106978994216961/photo,
KOTA PROBOLINGGO,1807,1297,3104,2/22/2021,https://twitter.com/KominfoJatim/status/1364106978994216961/photo,
KAB SUMENEP,3196,2300,5496,2/22/2021,https://twitter.com/KominfoJatim/status/1364106978994216961/photo,
KAB SITUBONDO,2905,1723,4628,2/22/2021,https://twitter.com/KominfoJatim/status/1364106978994216961/photo,
KAB BANGKALAN,3160,2093,5253,2/22/2021,https://twitter.com/KominfoJatim/status/1364106978994216961/photo,
KAB PAMEKASAN,2842,1827,4669,2/22/2021,https://twitter.com/KominfoJatim/status/1364106978994216961/photo,
KAB SAMPANG,1958,1243,3201,2/22/2021,https://twitter.com/KominfoJatim/status/1364106978994216961/photo,
KAB PACITAN,2358,1398,3756,2/22/2021,https://twitter.com/KominfoJatim/status/1364106978994216961/photo,
KAB BOJONEGORO,4380,3814,8194,2/23/2021,https://twitter.com/KominfoJatim/status/1364250497788485632/photo/,
KAB NGAWI,3391,2545,5936,2/23/2021,https://twitter.com/KominfoJatim/status/1364250497788485632/photo/,
KAB MADIUN,2426,2065,4491,2/23/2021,https://twitter.com/KominfoJatim/status/1364250497788485632/photo/,
KOTA BLITAR,2519,2204,4723,2/23/2021,https://twitter.com/KominfoJatim/status/1364250497788485632/photo/,
KAB MAGETAN,2678,2269,4947,2/23/2021,https://twitter.com/KominfoJatim/status/1364250497788485632/photo/,
KOTA PROBOLINGGO,1810,1479,3289,2/23/2021,https://twitter.com/KominfoJatim/status/1364250497788485632/photo/,
KOTA SURABAYA,35812,31061,66873,2/23/2021,https://twitter.com/KominfoJatim/status/1364250497788485632/photo/,
KAB MALANG,7798,6574,14372,2/23/2021,https://twitter.com/KominfoJatim/status/1364250497788485632/photo/,
KAB TUBAN,3170,2475,5645,2/23/2021,https://twitter.com/KominfoJatim/status/1364250497788485632/photo/,
KAB SUMENEP,3231,2472,5703,2/23/2021,https://twitter.com/KominfoJatim/status/1364250497788485632/photo/,
KAB SITUBONDO,2908,1941,4849,2/23/2021,https://twitter.com/KominfoJatim/status/1364250497788485632/photo/,
KAB KEDIRI,5538,4145,9683,2/23/2021,https://twitter.com/KominfoJatim/status/1364250497788485632/photo/,
KAB TRENGGALEK,3205,2377,5582,2/23/2021,https://twitter.com/KominfoJatim/status/1364250497788485632/photo/,
KOTA MALANG,12322,8811,21133,2/23/2021,https://twitter.com/KominfoJatim/status/1364250497788485632/photo/,
KAB BANGKALAN,3160,2297,5457,2/23/2021,https://twitter.com/KominfoJatim/status/1364250497788485632/photo/,
KAB PACITAN,2358,1626,3984,2/23/2021,https://twitter.com/KominfoJatim/status/1364250497788485632/photo/,
KAB SAMPANG,1959,1381,3340,2/23/2021,https://twitter.com/KominfoJatim/status/1364250497788485632/photo/,
KAB PAMEKASAN,2842,1862,4704,2/23/2021,https://twitter.com/KominfoJatim/status/1364250497788485632/photo/,
KAB MOJOKERTO,3760,3717,7477,2/23/2021,https://twitter.com/KominfoJatim/status/1364250497788485632/photo/,
KOTA BATU,1561,1552,3113,2/23/2021,https://twitter.com/KominfoJatim/status/1364250497788485632/photo/,
KAB JEMBER,6639,6565,13204,2/23/2021,https://twitter.com/KominfoJatim/status/1364250497788485632/photo/,
KAB NGANJUK,3460,3407,6867,2/23/2021,https://twitter.com/KominfoJatim/status/1364250497788485632/photo/,
KAB JOMBANG,5155,5056,10211,2/23/2021,https://twitter.com/KominfoJatim/status/1364250497788485632/photo/,
KAB GRESIK,6267,5761,12028,2/23/2021,https://twitter.com/KominfoJatim/status/1364250497788485632/photo/,
KAB TULUNGAGUNG,5320,4407,9727,2/23/2021,https://twitter.com/KominfoJatim/status/1364250497788485632/photo/,
KOTA MOJOKERTO,2727,2463,5190,2/23/2021,https://twitter.com/KominfoJatim/status/1364250497788485632/photo/,
KAB SIDOARJO,9366,8275,17641,2/23/2021,https://twitter.com/KominfoJatim/status/1364250497788485632/photo/,
KOTA KEDIRI,4378,4209,8587,2/23/2021,https://twitter.com/KominfoJatim/status/1364250497788485632/photo/,
KAB PONOROGO,3540,3382,6922,2/23/2021,https://twitter.com/KominfoJatim/status/1364250497788485632/photo/,
KOTA MADIUN,3605,3486,7091,2/23/2021,https://twitter.com/KominfoJatim/status/1364250497788485632/photo/,
KAB LAMONGAN,5339,5054,10393,2/23/2021,https://twitter.com/KominfoJatim/status/1364250497788485632/photo/,
KAB PROBOLINGGO,2960,2782,5742,2/23/2021,https://twitter.com/KominfoJatim/status/1364250497788485632/photo/,
KAB BONDOWOSO,2680,2484,5164,2/23/2021,https://twitter.com/KominfoJatim/status/1364250497788485632/photo/,
KAB LUMAJANG,3515,3286,6801,2/23/2021,https://twitter.com/KominfoJatim/status/1364250497788485632/photo/,
KAB BLITAR,2896,2669,5565,2/23/2021,https://twitter.com/KominfoJatim/status/1364250497788485632/photo/,
KOTA PASURUAN,1417,1301,2718,2/23/2021,https://twitter.com/KominfoJatim/status/1364250497788485632/photo/,
KAB PASURUAN,4451,3845,8296,2/23/2021,https://twitter.com/KominfoJatim/status/1364250497788485632/photo/,
KAB BANYUWANGI,5595,4970,10565,2/23/2021,https://twitter.com/KominfoJatim/status/1364250497788485632/photo/,
KAB MOJOKERTO,3760,3717,7477,2/24/2021,https://twitter.com/KominfoJatim/status/1364607070016655361/photo/,
KOTA BATU,1561,1552,3113,2/24/2021,https://twitter.com/KominfoJatim/status/1364607070016655361/photo/,
KAB JEMBER,6639,6566,13205,2/24/2021,https://twitter.com/KominfoJatim/status/1364607070016655361/photo/,
KAB NGANJUK,3460,3407,6867,2/24/2021,https://twitter.com/KominfoJatim/status/1364607070016655361/photo/,
KAB TULUNGAGUNG,5338,4462,9800,2/24/2021,https://twitter.com/KominfoJatim/status/1364607070016655361/photo/,
KAB GRESIK,6267,5813,12080,2/24/2021,https://twitter.com/KominfoJatim/status/1364607070016655361/photo/,
KAB JOMBANG,5155,5056,10211,2/24/2021,https://twitter.com/KominfoJatim/status/1364607070016655361/photo/,
KAB SIDOARJO,9370,8330,17700,2/24/2021,https://twitter.com/KominfoJatim/status/1364607070016655361/photo/,
KAB PONOROGO,3545,3423,6968,2/24/2021,https://twitter.com/KominfoJatim/status/1364607070016655361/photo/,
KOTA KEDIRI,4380,4216,8596,2/24/2021,https://twitter.com/KominfoJatim/status/1364607070016655361/photo/,
KAB BONDOWOSO,2680,2580,5260,2/24/2021,https://twitter.com/KominfoJatim/status/1364607070016655361/photo/,
KOTA MADIUN,3605,3536,7141,2/24/2021,https://twitter.com/KominfoJatim/status/1364607070016655361/photo/,
KAB LAMONGAN,5339,5067,10406,2/24/2021,https://twitter.com/KominfoJatim/status/1364607070016655361/photo/,
KAB PROBOLINGGO,2960,2790,5750,2/24/2021,https://twitter.com/KominfoJatim/status/1364607070016655361/photo/,
KOTA MOJOKERTO,2706,2405,5111,2/24/2021,https://twitter.com/KominfoJatim/status/1364607070016655361/photo/,
KAB PASURUAN,4451,3931,8382,2/24/2021,https://twitter.com/KominfoJatim/status/1364607070016655361/photo/,
KAB BLITAR,2896,2689,5585,2/24/2021,https://twitter.com/KominfoJatim/status/1364607070016655361/photo/,
KAB LUMAJANG,3515,3295,6810,2/24/2021,https://twitter.com/KominfoJatim/status/1364607070016655361/photo/,
KOTA PASURUAN,1417,1301,2718,2/24/2021,https://twitter.com/KominfoJatim/status/1364607070016655361/photo/,
KOTA BLITAR,2532,2302,4834,2/24/2021,https://twitter.com/KominfoJatim/status/1364607070016655361/photo/,
KAB BANYUWANGI,5594,5000,10594,2/24/2021,https://twitter.com/KominfoJatim/status/1364607070016655361/photo/,
KAB BOJONEGORO,4380,3814,8194,2/24/2021,https://twitter.com/KominfoJatim/status/1364607070016655361/photo/,
KAB MADIUN,2428,2093,4521,2/24/2021,https://twitter.com/KominfoJatim/status/1364607070016655361/photo/,
KAB MAGETAN,2690,2329,5019,2/24/2021,https://twitter.com/KominfoJatim/status/1364607070016655361/photo/,
KAB NGAWI,3391,2545,5936,2/24/2021,https://twitter.com/KominfoJatim/status/1364607070016655361/photo/,
KOTA PROBOLINGGO,1810,1516,3326,2/24/2021,https://twitter.com/KominfoJatim/status/1364607070016655361/photo/,
KAB MALANG,7828,6777,14605,2/24/2021,https://twitter.com/KominfoJatim/status/1364607070016655361/photo/,
KOTA SURABAYA,35914,31160,67074,2/24/2021,https://twitter.com/KominfoJatim/status/1364607070016655361/photo/,
KAB PACITAN,2358,1939,4297,2/24/2021,https://twitter.com/KominfoJatim/status/1364607070016655361/photo/,
KAB SUMENEP,3233,2600,5833,2/24/2021,https://twitter.com/KominfoJatim/status/1364607070016655361/photo/,
KAB KEDIRI,5539,4430,9969,2/24/2021,https://twitter.com/KominfoJatim/status/1364607070016655361/photo/,
KAB TUBAN,3170,2555,5725,2/24/2021,https://twitter.com/KominfoJatim/status/1364607070016655361/photo/,
KAB BANGKALAN,3160,2483,5643,2/24/2021,https://twitter.com/KominfoJatim/status/1364607070016655361/photo/,
KAB SITUBONDO,2908,1941,4849,2/24/2021,https://twitter.com/KominfoJatim/status/1364607070016655361/photo/,
KAB TRENGGALEK,3205,2387,5592,2/24/2021,https://twitter.com/KominfoJatim/status/1364607070016655361/photo/,
KOTA MALANG,12322,8811,21133,2/24/2021,https://twitter.com/KominfoJatim/status/1364607070016655361/photo/,
KAB PAMEKASAN,2842,1907,4749,2/24/2021,https://twitter.com/KominfoJatim/status/1364607070016655361/photo/,
KAB SAMPANG,1959,1381,3340,2/24/2021,https://twitter.com/KominfoJatim/status/1364607070016655361/photo/,
KAB BLITAR,2896,2731,5627,2/26/2021,https://twitter.com/KominfoJatim/status/1365396576621846529/photo/,
KAB KEDIRI,5541,5158,10699,2/26/2021,https://twitter.com/KominfoJatim/status/1365396576621846529/photo/,
KAB NGAWI,3437,2728,6165,2/26/2021,https://twitter.com/KominfoJatim/status/1365396576621846529/photo/,
KAB BOJONEGORO,4380,4000,8380,2/26/2021,https://twitter.com/KominfoJatim/status/1365396576621846529/photo/,
KOTA BLITAR,2533,2321,4854,2/26/2021,https://twitter.com/KominfoJatim/status/1365396576621846529/photo/,
KAB MAGETAN,2696,2399,5095,2/26/2021,https://twitter.com/KominfoJatim/status/1365396576621846529/photo/,
KAB BANYUWANGI,5613,5014,10627,2/26/2021,https://twitter.com/KominfoJatim/status/1365396576621846529/photo/,
KOTA PROBOLINGGO,1810,1574,3384,2/26/2021,https://twitter.com/KominfoJatim/status/1365396576621846529/photo/,
KAB MALANG,7879,7003,14882,2/26/2021,https://twitter.com/KominfoJatim/status/1365396576621846529/photo/,
KAB MADIUN,2428,2093,4521,2/26/2021,https://twitter.com/KominfoJatim/status/1365396576621846529/photo/,
KAB SUMENEP,3233,2793,6026,2/26/2021,https://twitter.com/KominfoJatim/status/1365396576621846529/photo/,
KAB SITUBONDO,2938,2193,5131,2/26/2021,https://twitter.com/KominfoJatim/status/1365396576621846529/photo/,
KAB TUBAN,3175,2755,5930,2/26/2021,https://twitter.com/KominfoJatim/status/1365396576621846529/photo/,
KOTA SURABAYA,36160,31392,67552,2/26/2021,https://twitter.com/KominfoJatim/status/1365396576621846529/photo/,
KAB BANGKALAN,3160,2574,5734,2/26/2021,https://twitter.com/KominfoJatim/status/1365396576621846529/photo/,
KAB TRENGGALEK,3205,2512,5717,2/26/2021,https://twitter.com/KominfoJatim/status/1365396576621846529/photo/,
KAB SAMPANG,1980,1543,3523,2/26/2021,https://twitter.com/KominfoJatim/status/1365396576621846529/photo/,
KAB PAMEKASAN,2842,1931,4773,2/26/2021,https://twitter.com/KominfoJatim/status/1365396576621846529/photo/,
KAB MOJOKERTO,3760,3717,7477,2/26/2021,https://twitter.com/KominfoJatim/status/1365396576621846529/photo/,
KOTA MALANG,12322,11978,24300,2/26/2021,https://twitter.com/KominfoJatim/status/1365396576621846529/photo/,
KAB GRESIK,6267,5911,12178,2/26/2021,https://twitter.com/KominfoJatim/status/1365396576621846529/photo/,
KOTA BATU,1561,1552,3113,2/26/2021,https://twitter.com/KominfoJatim/status/1365396576621846529/photo/,
KAB JEMBER,6639,6596,13235,2/26/2021,https://twitter.com/KominfoJatim/status/1365396576621846529/photo/,
KAB TULUNGAGUNG,5365,4462,9827,2/26/2021,https://twitter.com/KominfoJatim/status/1365396576621846529/photo/,
KAB NGANJUK,3460,3418,6878,2/26/2021,https://twitter.com/KominfoJatim/status/1365396576621846529/photo/,
KAB SIDOARJO,9381,8427,17808,2/26/2021,https://twitter.com/KominfoJatim/status/1365396576621846529/photo/,
KAB JOMBANG,5155,5056,10211,2/26/2021,https://twitter.com/KominfoJatim/status/1365396576621846529/photo/,
KOTA KEDIRI,4378,4280,8658,2/26/2021,https://twitter.com/KominfoJatim/status/1365396576621846529/photo/,
KAB PONOROGO,3560,3431,6991,2/26/2021,https://twitter.com/KominfoJatim/status/1365396576621846529/photo/,
KAB LAMONGAN,5340,5160,10500,2/26/2021,https://twitter.com/KominfoJatim/status/1365396576621846529/photo/,
KAB PACITAN,2358,2282,4640,2/26/2021,https://twitter.com/KominfoJatim/status/1365396576621846529/photo/,
KAB BONDOWOSO,2680,2585,5265,2/26/2021,https://twitter.com/KominfoJatim/status/1365396576621846529/photo/,
KOTA MADIUN,3631,3514,7145,2/26/2021,https://twitter.com/KominfoJatim/status/1365396576621846529/photo/,
KAB LUMAJANG,3522,3416,6938,2/26/2021,https://twitter.com/KominfoJatim/status/1365396576621846529/photo/,
KAB PROBOLINGGO,2960,2813,5773,2/26/2021,https://twitter.com/KominfoJatim/status/1365396576621846529/photo/,
KAB PASURUAN,4452,3994,8446,2/26/2021,https://twitter.com/KominfoJatim/status/1365396576621846529/photo/,
KOTA PASURUAN,1417,1341,2758,2/26/2021,https://twitter.com/KominfoJatim/status/1365396576621846529/photo/,
KOTA MOJOKERTO,2692,2434,5126,2/26/2021,https://twitter.com/KominfoJatim/status/1365396576621846529/photo/,
KAB GRESIK,6267,5930,12197,2/27/2021,https://twitter.com/KominfoJatim/status/1365691006503460867/photo/,
KAB MOJOKERTO,3760,3717,7477,2/27/2021,https://twitter.com/KominfoJatim/status/1365691006503460867/photo/,
KOTA MALANG,12322,11978,24300,2/27/2021,https://twitter.com/KominfoJatim/status/1365691006503460867/photo/,
KOTA BATU,1561,1552,3113,2/27/2021,https://twitter.com/KominfoJatim/status/1365691006503460867/photo/,
KAB JEMBER,6639,6596,13235,2/27/2021,https://twitter.com/KominfoJatim/status/1365691006503460867/photo/,
KAB TULUNGAGUNG,5365,4462,9827,2/27/2021,https://twitter.com/KominfoJatim/status/1365691006503460867/photo/,
KAB NGANJUK,3460,3421,6881,2/27/2021,https://twitter.com/KominfoJatim/status/1365691006503460867/photo/,
KAB SIDOARJO,9390,8440,17830,2/27/2021,https://twitter.com/KominfoJatim/status/1365691006503460867/photo/,
KOTA KEDIRI,4385,4284,8669,2/27/2021,https://twitter.com/KominfoJatim/status/1365691006503460867/photo/,
KAB JOMBANG,5155,5056,10211,2/27/2021,https://twitter.com/KominfoJatim/status/1365691006503460867/photo/,
KAB PONOROGO,3560,3431,6991,2/27/2021,https://twitter.com/KominfoJatim/status/1365691006503460867/photo/,
KAB LAMONGAN,5340,5189,10529,2/27/2021,https://twitter.com/KominfoJatim/status/1365691006503460867/photo/,
KAB PACITAN,2358,2285,4643,2/27/2021,https://twitter.com/KominfoJatim/status/1365691006503460867/photo/,
KAB BONDOWOSO,2680,2589,5269,2/27/2021,https://twitter.com/KominfoJatim/status/1365691006503460867/photo/,
KOTA MADIUN,3631,3514,7145,2/27/2021,https://twitter.com/KominfoJatim/status/1365691006503460867/photo/,
KAB PASURUAN,4504,3999,8503,2/27/2021,https://twitter.com/KominfoJatim/status/1365691006503460867/photo/,
KOTA PASURUAN,1417,1360,2777,2/27/2021,https://twitter.com/KominfoJatim/status/1365691006503460867/photo/,
KAB KEDIRI,5553,5264,10817,2/27/2021,https://twitter.com/KominfoJatim/status/1365691006503460867/photo/,
KAB NGAWI,3440,2805,6245,2/27/2021,https://twitter.com/KominfoJatim/status/1365691006503460867/photo/,
KAB PROBOLINGGO,2960,2813,5773,2/27/2021,https://twitter.com/KominfoJatim/status/1365691006503460867/photo/,
KAB LUMAJANG,3524,3372,6896,2/27/2021,https://twitter.com/KominfoJatim/status/1365691006503460867/photo/,
KOTA MOJOKERTO,2693,2437,5130,2/27/2021,https://twitter.com/KominfoJatim/status/1365691006503460867/photo/,
KAB BLITAR,2896,2736,5632,2/27/2021,https://twitter.com/KominfoJatim/status/1365691006503460867/photo/,
KAB BOJONEGORO,4380,4099,8479,2/27/2021,https://twitter.com/KominfoJatim/status/1365691006503460867/photo/,
KOTA BLITAR,2565,2380,4945,2/27/2021,https://twitter.com/KominfoJatim/status/1365691006503460867/photo/,
KAB BANYUWANGI,5622,5084,10706,2/27/2021,https://twitter.com/KominfoJatim/status/1365691006503460867/photo/,
KAB MAGETAN,2696,2424,5120,2/27/2021,https://twitter.com/KominfoJatim/status/1365691006503460867/photo/,
KOTA PROBOLINGGO,1810,1593,3403,2/27/2021,https://twitter.com/KominfoJatim/status/1365691006503460867/photo/,
KAB SUMENEP,3237,2880,6117,2/27/2021,https://twitter.com/KominfoJatim/status/1365691006503460867/photo/,
KAB TRENGGALEK,3205,2826,6031,2/27/2021,https://twitter.com/KominfoJatim/status/1365691006503460867/photo/,
KAB MALANG,7879,7074,14953,2/27/2021,https://twitter.com/KominfoJatim/status/1365691006503460867/photo/,
KAB TUBAN,3175,2813,5988,2/27/2021,https://twitter.com/KominfoJatim/status/1365691006503460867/photo/,
KAB MADIUN,2428,2096,4524,2/27/2021,https://twitter.com/KominfoJatim/status/1365691006503460867/photo/,
KAB SITUBONDO,2938,2193,5131,2/27/2021,https://twitter.com/KominfoJatim/status/1365691006503460867/photo/,
KOTA SURABAYA,36241,31624,67865,2/27/2021,https://twitter.com/KominfoJatim/status/1365691006503460867/photo/,
KAB BANGKALAN,3160,2584,5744,2/27/2021,https://twitter.com/KominfoJatim/status/1365691006503460867/photo/,
KAB SAMPANG,1980,1581,3561,2/27/2021,https://twitter.com/KominfoJatim/status/1365691006503460867/photo/,
KAB PAMEKASAN,2842,2052,4894,2/27/2021,https://twitter.com/KominfoJatim/status/1365691006503460867/photo/,
KAB LUMAJANG,3524,3372,6896,2/28/2021,https://twitter.com/KominfoJatim/status/1366151654345646082/photo/,
KOTA MOJOKERTO,2693,2437,5130,2/28/2021,https://twitter.com/KominfoJatim/status/1366151654345646082/photo/,
KAB BLITAR,2896,2738,5634,2/28/2021,https://twitter.com/KominfoJatim/status/1366151654345646082/photo/,
KAB BOJONEGORO,4380,4099,8479,2/28/2021,https://twitter.com/KominfoJatim/status/1366151654345646082/photo/,
KOTA BLITAR,2565,2380,4945,2/28/2021,https://twitter.com/KominfoJatim/status/1366151654345646082/photo/,
KAB BANYUWANGI,5622,5084,10706,2/28/2021,https://twitter.com/KominfoJatim/status/1366151654345646082/photo/,
KAB MAGETAN,2696,2424,5120,2/28/2021,https://twitter.com/KominfoJatim/status/1366151654345646082/photo/,
KOTA PROBOLINGGO,1810,1593,3403,2/28/2021,https://twitter.com/KominfoJatim/status/1366151654345646082/photo/,
KAB SUMENEP,3235,2880,6115,2/28/2021,https://twitter.com/KominfoJatim/status/1366151654345646082/photo/,
KAB TRENGGALEK,3205,2826,6031,2/28/2021,https://twitter.com/KominfoJatim/status/1366151654345646082/photo/,
KAB MALANG,7879,7074,14953,2/28/2021,https://twitter.com/KominfoJatim/status/1366151654345646082/photo/,
KAB TUBAN,3175,2813,5988,2/28/2021,https://twitter.com/KominfoJatim/status/1366151654345646082/photo/,
KAB MADIUN,2428,2096,4524,2/28/2021,https://twitter.com/KominfoJatim/status/1366151654345646082/photo/,
KAB SITUBONDO,2938,2193,5131,2/28/2021,https://twitter.com/KominfoJatim/status/1366151654345646082/photo/,
KOTA SURABAYA,36295,31626,67921,2/28/2021,https://twitter.com/KominfoJatim/status/1366151654345646082/photo/,
KAB BANGKALAN,3160,2584,5744,2/28/2021,https://twitter.com/KominfoJatim/status/1366151654345646082/photo/,
KAB SAMPANG,1980,1581,3561,2/28/2021,https://twitter.com/KominfoJatim/status/1366151654345646082/photo/,
KAB PAMEKASAN,2842,2052,4894,2/28/2021,https://twitter.com/KominfoJatim/status/1366151654345646082/photo/,
KAB GRESIK,6267,5930,12197,2/28/2021,https://twitter.com/KominfoJatim/status/1366151654345646082/photo/,
KAB MOJOKERTO,3760,3717,7477,2/28/2021,https://twitter.com/KominfoJatim/status/1366151654345646082/photo/,
KOTA MALANG,12322,11978,24300,2/28/2021,https://twitter.com/KominfoJatim/status/1366151654345646082/photo/,
KOTA BATU,1561,1552,3113,2/28/2021,https://twitter.com/KominfoJatim/status/1366151654345646082/photo/,
KAB JEMBER,6639,6596,13235,2/28/2021,https://twitter.com/KominfoJatim/status/1366151654345646082/photo/,
KAB TULUNGAGUNG,5365,4462,9827,2/28/2021,https://twitter.com/KominfoJatim/status/1366151654345646082/photo/,
KAB NGANJUK,3460,3421,6881,2/28/2021,https://twitter.com/KominfoJatim/status/1366151654345646082/photo/,
KAB SIDOARJO,9390,8440,17830,2/28/2021,https://twitter.com/KominfoJatim/status/1366151654345646082/photo/,
KAB JOMBANG,5159,5068,10227,2/28/2021,https://twitter.com/KominfoJatim/status/1366151654345646082/photo/,
KOTA KEDIRI,4385,4284,8669,2/28/2021,https://twitter.com/KominfoJatim/status/1366151654345646082/photo/,
KAB PONOROGO,3560,3431,6991,2/28/2021,https://twitter.com/KominfoJatim/status/1366151654345646082/photo/,
KAB LAMONGAN,5340,5189,10529,2/28/2021,https://twitter.com/KominfoJatim/status/1366151654345646082/photo/,
KAB PACITAN,2358,2285,4643,2/28/2021,https://twitter.com/KominfoJatim/status/1366151654345646082/photo/,
KAB BONDOWOSO,2680,2589,5269,2/28/2021,https://twitter.com/KominfoJatim/status/1366151654345646082/photo/,
KOTA MADIUN,3631,3514,7145,2/28/2021,https://twitter.com/KominfoJatim/status/1366151654345646082/photo/,
KAB PASURUAN,4504,3999,8503,2/28/2021,https://twitter.com/KominfoJatim/status/1366151654345646082/photo/,
KOTA PASURUAN,1417,1360,2777,2/28/2021,https://twitter.com/KominfoJatim/status/1366151654345646082/photo/,
KAB KEDIRI,5553,5264,10817,2/28/2021,https://twitter.com/KominfoJatim/status/1366151654345646082/photo/,
KAB NGAWI,3440,2805,6245,2/28/2021,https://twitter.com/KominfoJatim/status/1366151654345646082/photo/,
KAB PROBOLINGGO,2960,2813,5773,2/28/2021,https://twitter.com/KominfoJatim/status/1366151654345646082/photo/,
KOTA SURABAYA,38756,32610,71366,3/1/2021,https://twitter.com/KominfoJatim/status/1366800825234776064/photo/,
KOTA MALANG ,15862,12303,28165,3/1/2021,https://twitter.com/KominfoJatim/status/1366800825234776064/photo/,
KOTA MADIUN,4160,3538,7698,3/1/2021,https://twitter.com/KominfoJatim/status/1366800825234776064/photo/,
KOTA BATU,1946,1552,3498,3/1/2021,https://twitter.com/KominfoJatim/status/1366800825234776064/photo/,
KAB GRESIK,6267,5930,12197,3/1/2021,https://twitter.com/KominfoJatim/status/1366800825234776064/photo/,
KOTA MOJOKERTO,3320,2591,5911,3/1/2021,https://twitter.com/KominfoJatim/status/1366800825234776064/photo/,
KOTA BLITAR,2657,2424,5081,3/1/2021,https://twitter.com/KominfoJatim/status/1366800825234776064/photo/,
KOTA KEDIRI,4982,4289,9271,3/1/2021,https://twitter.com/KominfoJatim/status/1366800825234776064/photo/,
KAB TULUNGAGUNG,5797,5037,10834,3/1/2021,https://twitter.com/KominfoJatim/status/1366800825234776064/photo/,
KAB TRENGGALEK,3227,2996,6223,3/1/2021,https://twitter.com/KominfoJatim/status/1366800825234776064/photo/,
KAB JOMBANG,6386,5068,11454,3/1/2021,https://twitter.com/KominfoJatim/status/1366800825234776064/photo/,
KAB LAMONGAN,6353,5213,11566,3/1/2021,https://twitter.com/KominfoJatim/status/1366800825234776064/photo/,
KAB KEDIRI,6093,5327,11420,3/1/2021,https://twitter.com/KominfoJatim/status/1366800825234776064/photo/,
KAB SIDOARJO,10205,8958,19163,3/1/2021,https://twitter.com/KominfoJatim/status/1366800825234776064/photo/,
KAB NGANJUK,4608,3425,8033,3/1/2021,https://twitter.com/KominfoJatim/status/1366800825234776064/photo/,
KOTA PROBOLINGGO,1817,1597,3414,3/1/2021,https://twitter.com/KominfoJatim/status/1366800825234776064/photo/,
KAB JEMBER,9407,6591,15998,3/1/2021,https://twitter.com/KominfoJatim/status/1366800825234776064/photo/,
KAB BANYUWANGI,6284,5197,11481,3/1/2021,https://twitter.com/KominfoJatim/status/1366800825234776064/photo/,
KAB MADIUN,2436,2199,4635,3/1/2021,https://twitter.com/KominfoJatim/status/1366800825234776064/photo/,
KAB PONOROGO,5021,3501,8522,3/1/2021,https://twitter.com/KominfoJatim/status/1366800825234776064/photo/,
KAB SITUBONDO,2968,2276,5244,3/1/2021,https://twitter.com/KominfoJatim/status/1366800825234776064/photo/,
KAB TUBAN,3520,2924,6444,3/1/2021,https://twitter.com/KominfoJatim/status/1366800825234776064/photo/,
KAB BLITAR,4310,2739,7049,3/1/2021,https://twitter.com/KominfoJatim/status/1366800825234776064/photo/,
KAB MALANG,9919,7321,17240,3/1/2021,https://twitter.com/KominfoJatim/status/1366800825234776064/photo/,
KAB MOJOKERTO,4304,3717,8021,3/1/2021,https://twitter.com/KominfoJatim/status/1366800825234776064/photo/,
KAB MAGETAN,2813,2475,5288,3/1/2021,https://twitter.com/KominfoJatim/status/1366800825234776064/photo/,
KAB PACITAN,2359,2294,4653,3/1/2021,https://twitter.com/KominfoJatim/status/1366800825234776064/photo/,
KAB SAMPANG,2131,1657,3788,3/1/2021,https://twitter.com/KominfoJatim/status/1366800825234776064/photo/,
KAB NGAWI,4249,3327,7576,3/1/2021,https://twitter.com/KominfoJatim/status/1366800825234776064/photo/,
KAB BOJONEGORO,4880,4146,9026,3/1/2021,https://twitter.com/KominfoJatim/status/1366800825234776064/photo/,
KAB SUMENEP,3491,2979,6470,3/1/2021,https://twitter.com/KominfoJatim/status/1366800825234776064/photo/,
KAB PASURUAN,4821,4282,9103,3/1/2021,https://twitter.com/KominfoJatim/status/1366800825234776064/photo/,
KAB LUMAJANG,3748,3401,7149,3/1/2021,https://twitter.com/KominfoJatim/status/1366800825234776064/photo/,
KAB BONDOWOSO,3053,2599,5652,3/1/2021,https://twitter.com/KominfoJatim/status/1366800825234776064/photo/,
KAB BANGKALAN,3264,2631,5895,3/1/2021,https://twitter.com/KominfoJatim/status/1366800825234776064/photo/,
KAB PROBOLINGGO,3584,2824,6408,3/1/2021,https://twitter.com/KominfoJatim/status/1366800825234776064/photo/,
KAB PAMEKASAN,2858,2418,5276,3/1/2021,https://twitter.com/KominfoJatim/status/1366800825234776064/photo/,
KOTA PASURUAN,1459,1364,2823,3/1/2021,https://twitter.com/KominfoJatim/status/1366800825234776064/photo/,
